'Elapsed time','ECG'
0,-0.06
0.01,-0.065
0.02,-0.06
0.03,-0.075
0.04,-0.065
0.05,-0.07
0.06,-0.07
0.07,-0.09
0.08,-0.08
0.09,-0.095
0.1,-0.08
0.11,-0.095
0.12,-0.08
0.13,-0.095
0.14,-0.085
0.15,-0.09
0.16,-0.09
0.17,-0.1
0.18,-0.085
0.19,-0.105
0.2,-0.09
0.21,-0.045
0.22,0.005
0.23,0.015
0.24,0.045
0.25,0.155
0.26,0.14
0.27,0.045
0.28,0.005
0.29,-0.04
0.3,-0.085
0.31,-0.2
0.32,-0.195
0.33,-0.2
0.34,-0.2
0.35,-0.24
0.36,-0.13
0.37,0.34
0.38,1.155
0.39,1.47
0.4,-0.155
0.41,-0.825
0.42,-0.59
0.43,-0.35
0.44,-0.155
0.45,-0.17
0.46,-0.14
0.47,-0.155
0.48,-0.115
0.49,-0.125
0.5,-0.09
0.51,-0.095
0.52,-0.065
0.53,-0.055
0.54,-0.015
0.55,-0.005
0.56,0.035
0.57,0.045
0.58,0.09
0.59,0.11
0.6,0.15
0.61,0.18
0.62,0.205
0.63,0.225
0.64,0.23
0.65,0.22
0.66,0.235
0.67,0.23
0.68,0.2
0.69,0.17
0.7,0.12
0.71,0.075
0.72,0.04
0.73,0.02
0.74,0.005
0.75,-0.005
0.76,-0.005
0.77,-0.01
0.78,-0.015
0.79,-0.01
0.8,0
0.81,-0.005
0.82,-0.02
0.83,-0.02
0.84,-0.015
0.85,-0.025
0.86,-0.035
0.87,-0.045
0.88,-0.045
0.89,-0.06
0.9,-0.065
0.91,-0.07
0.92,-0.055
0.93,-0.06
0.94,-0.08
0.95,-0.075
0.96,-0.09
0.97,-0.065
0.98,-0.075
0.99,-0.08
1,-0.08
1.01,-0.085
1.02,-0.09
1.03,-0.075
1.04,-0.085
1.05,-0.095
1.06,-0.105
1.07,-0.09
1.08,-0.095
1.09,-0.07
1.1,-0.045
1.11,0.005
1.12,0.03
1.13,0.07
1.14,0.195
1.15,0.145
1.16,0.05
1.17,-0.015
1.18,-0.025
1.19,-0.115
1.2,-0.18
1.21,-0.19
1.22,-0.185
1.23,-0.185
1.24,-0.215
1.25,0.01
1.26,0.575
1.27,1.185
1.28,0.96
1.29,-0.16
1.3,-0.74
1.31,-0.64
1.32,-0.35
1.33,-0.175
1.34,-0.145
1.35,-0.15
1.36,-0.145
1.37,-0.105
1.38,-0.12
1.39,-0.09
1.4,-0.085
1.41,-0.07
1.42,-0.04
1.43,-0.02
1.44,0.005
1.45,0.02
1.46,0.045
1.47,0.08
1.48,0.115
1.49,0.14
1.5,0.165
1.51,0.21
1.52,0.19
1.53,0.22
1.54,0.21
1.55,0.215
1.56,0.215
1.57,0.16
1.58,0.135
1.59,0.1
1.6,0.05
1.61,0.035
1.62,-0.005
1.63,0.005
1.64,-0.005
1.65,-0.015
1.66,-0.02
1.67,-0.01
1.68,0
1.69,-0.02
1.7,-0.005
1.71,-0.04
1.72,-0.035
1.73,-0.05
1.74,-0.04
1.75,-0.055
1.76,-0.075
1.77,-0.05
1.78,-0.075
1.79,-0.09
1.8,-0.08
1.81,-0.09
1.82,-0.08
1.83,-0.075
1.84,-0.085
1.85,-0.085
1.86,-0.095
1.87,-0.095
1.88,-0.105
1.89,-0.08
1.9,-0.115
1.91,-0.1
1.92,-0.095
1.93,-0.1
1.94,-0.075
1.95,-0.005
1.96,0.01
1.97,0.055
1.98,0.185
1.99,0.145
2,0.075
2.01,-0.005
2.02,-0.025
2.03,-0.11
2.04,-0.175
2.05,-0.18
2.06,-0.22
2.07,-0.175
2.08,-0.24
2.09,-0.03
2.1,0.53
2.11,1.21
2.12,1.22
2.13,-0.105
2.14,-0.795
2.15,-0.69
2.16,-0.375
2.17,-0.165
2.18,-0.155
2.19,-0.135
2.2,-0.15
2.21,-0.12
2.22,-0.12
2.23,-0.09
2.24,-0.095
2.25,-0.05
2.26,-0.05
2.27,-0.01
2.28,-0.005
2.29,0.03
2.3,0.08
2.31,0.075
2.32,0.145
2.33,0.155
2.34,0.2
2.35,0.2
2.36,0.24
2.37,0.235
2.38,0.245
2.39,0.245
2.4,0.215
2.41,0.18
2.42,0.15
2.43,0.09
2.44,0.035
2.45,0.025
2.46,0
2.47,-0.015
2.48,-0.03
2.49,0
2.5,-0.02
2.51,-0.005
2.52,-0.025
2.53,-0.03
2.54,-0.015
2.55,-0.01
2.56,-0.035
2.57,-0.04
2.58,-0.05
2.59,-0.045
2.6,-0.04
2.61,-0.075
2.62,-0.065
2.63,-0.095
2.64,-0.085
2.65,-0.085
2.66,-0.09
2.67,-0.1
2.68,-0.1
2.69,-0.08
2.7,-0.105
2.71,-0.105
2.72,-0.1
2.73,-0.105
2.74,-0.095
2.75,-0.1
2.76,-0.09
2.77,-0.035
2.78,0.01
2.79,0.035
2.8,0.07
2.81,0.19
2.82,0.125
2.83,0.045
2.84,-0.035
2.85,-0.06
2.86,-0.155
2.87,-0.21
2.88,-0.225
2.89,-0.2
2.9,-0.215
2.91,-0.265
2.92,0.07
2.93,0.865
2.94,1.495
2.95,0.625
2.96,-0.44
2.97,-0.815
2.98,-0.6
2.99,-0.31
3,-0.175
3.01,-0.18
3.02,-0.165
3.03,-0.135
3.04,-0.135
3.05,-0.115
3.06,-0.105
3.07,-0.085
3.08,-0.06
3.09,-0.03
3.1,-0.02
3.11,0.015
3.12,0.05
3.13,0.07
3.14,0.105
3.15,0.165
3.16,0.2
3.17,0.205
3.18,0.235
3.19,0.235
3.2,0.265
3.21,0.26
3.22,0.235
3.23,0.215
3.24,0.17
3.25,0.125
3.26,0.09
3.27,0.025
3.28,-0.015
3.29,-0.03
3.3,-0.035
3.31,-0.04
3.32,-0.04
3.33,-0.035
3.34,-0.04
3.35,-0.02
3.36,-0.04
3.37,-0.04
3.38,-0.03
3.39,-0.045
3.4,-0.065
3.41,-0.06
3.42,-0.06
3.43,-0.09
3.44,-0.08
3.45,-0.095
3.46,-0.085
3.47,-0.105
3.48,-0.09
3.49,-0.1
3.5,-0.105
3.51,-0.115
3.52,-0.1
3.53,-0.115
3.54,-0.11
3.55,-0.135
3.56,-0.095
3.57,-0.125
3.58,-0.105
3.59,-0.085
3.6,-0.015
3.61,0.02
3.62,0.03
3.63,0.135
3.64,0.16
3.65,0.105
3.66,0.03
3.67,-0.05
3.68,-0.05
3.69,-0.17
3.7,-0.205
3.71,-0.215
3.72,-0.175
3.73,-0.21
3.74,-0.215
3.75,0.175
3.76,1.09
3.77,1.7
3.78,0.335
3.79,-0.615
3.8,-0.705
3.81,-0.46
3.82,-0.175
3.83,-0.165
3.84,-0.145
3.85,-0.155
3.86,-0.115
3.87,-0.12
3.88,-0.105
3.89,-0.105
3.9,-0.085
3.91,-0.06
3.92,-0.015
3.93,-0.005
3.94,0.02
3.95,0.05
3.96,0.08
3.97,0.105
3.98,0.18
3.99,0.205
4,0.24
4.01,0.235
4.02,0.27
4.03,0.27
4.04,0.28
4.05,0.26
4.06,0.23
4.07,0.175
4.08,0.135
4.09,0.09
4.1,0.045
4.11,0
4.12,-0.005
4.13,-0.025
4.14,-0.025
4.15,-0.025
4.16,-0.02
4.17,0
4.18,-0.005
4.19,-0.005
4.2,-0.005
4.21,-0.005
4.22,-0.01
4.23,-0.025
4.24,-0.02
4.25,-0.04
4.26,-0.04
4.27,-0.04
4.28,-0.05
4.29,-0.06
4.3,-0.05
4.31,-0.065
4.32,-0.06
4.33,-0.07
4.34,-0.06
4.35,-0.09
4.36,-0.08
4.37,-0.095
4.38,-0.085
4.39,-0.1
4.4,-0.09
4.41,-0.095
4.42,-0.085
4.43,-0.1
4.44,-0.075
4.45,-0.095
4.46,-0.08
4.47,-0.075
4.48,0
4.49,0.03
4.5,0.035
4.51,0.135
4.52,0.145
4.53,0.07
4.54,0.015
4.55,-0.045
4.56,-0.055
4.57,-0.185
4.58,-0.19
4.59,-0.22
4.6,-0.18
4.61,-0.21
4.62,-0.185
4.63,0.22
4.64,1.15
4.65,1.72
4.66,0.155
4.67,-0.7
4.68,-0.66
4.69,-0.405
4.7,-0.15
4.71,-0.16
4.72,-0.135
4.73,-0.145
4.74,-0.12
4.75,-0.125
4.76,-0.09
4.77,-0.09
4.78,-0.055
4.79,-0.04
4.8,-0.015
4.81,0
4.82,0.03
4.83,0.05
4.84,0.095
4.85,0.11
4.86,0.165
4.87,0.19
4.88,0.23
4.89,0.245
4.9,0.255
4.91,0.255
4.92,0.265
4.93,0.255
4.94,0.23
4.95,0.185
4.96,0.145
4.97,0.1
4.98,0.06
4.99,0.025
5,0.025
5.01,0.01
5.02,0.01
5.03,0.01
5.04,0.015
5.05,0.01
5.06,0.025
5.07,0.02
5.08,0.02
5.09,0.02
5.1,0.015
5.11,0
5.12,0
5.13,-0.01
5.14,-0.015
5.15,-0.02
5.16,-0.03
5.17,-0.035
5.18,-0.035
5.19,-0.045
5.2,-0.04
5.21,-0.045
5.22,-0.045
5.23,-0.055
5.24,-0.045
5.25,-0.055
5.26,-0.045
5.27,-0.06
5.28,-0.05
5.29,-0.06
5.3,-0.055
5.31,-0.08
5.32,-0.065
5.33,-0.09
5.34,-0.075
5.35,-0.09
5.36,-0.07
5.37,-0.075
5.38,-0.065
5.39,-0.08
5.4,-0.065
5.41,-0.03
5.42,0.025
5.43,0.04
5.44,0.065
5.45,0.18
5.46,0.145
5.47,0.055
5.48,0.015
5.49,-0.035
5.5,-0.06
5.51,-0.175
5.52,-0.17
5.53,-0.195
5.54,-0.175
5.55,-0.22
5.56,-0.115
5.57,0.355
5.58,1.24
5.59,1.595
5.6,-0.115
5.61,-0.815
5.62,-0.565
5.63,-0.3
5.64,-0.13
5.65,-0.16
5.66,-0.13
5.67,-0.135
5.68,-0.11
5.69,-0.12
5.7,-0.09
5.71,-0.085
5.72,-0.055
5.73,-0.04
5.74,-0.005
5.75,0
5.76,0.04
5.77,0.05
5.78,0.095
5.79,0.125
5.8,0.17
5.81,0.19
5.82,0.22
5.83,0.23
5.84,0.245
5.85,0.25
5.86,0.26
5.87,0.24
5.88,0.22
5.89,0.175
5.9,0.135
5.91,0.085
5.92,0.055
5.93,0.02
5.94,0.015
5.95,0.01
5.96,0.01
5.97,0
5.98,0
5.99,0
6,0.01
6.01,0.005
6.02,0.02
6.03,0.01
6.04,0
6.05,-0.01
6.06,-0.015
6.07,-0.02
6.08,-0.02
6.09,-0.025
6.1,-0.035
6.11,-0.03
6.12,-0.045
6.13,-0.05
6.14,-0.05
6.15,-0.055
6.16,-0.065
6.17,-0.065
6.18,-0.06
6.19,-0.065
6.2,-0.07
6.21,-0.06
6.22,-0.06
6.23,-0.055
6.24,-0.06
6.25,-0.065
6.26,-0.08
6.27,-0.065
6.28,-0.08
6.29,-0.065
6.3,-0.075
6.31,-0.07
6.32,-0.085
6.33,-0.07
6.34,-0.085
6.35,-0.075
6.36,-0.085
6.37,-0.06
6.38,-0.045
6.39,0.02
6.4,0.04
6.41,0.055
6.42,0.18
6.43,0.155
6.44,0.06
6.45,0.02
6.46,-0.025
6.47,-0.055
6.48,-0.18
6.49,-0.16
6.5,-0.17
6.51,-0.165
6.52,-0.195
6.53,-0.1
6.54,0.35
6.55,1.115
6.56,1.495
6.57,-0.04
6.58,-0.73
6.59,-0.62
6.6,-0.365
6.61,-0.13
6.62,-0.15
6.63,-0.135
6.64,-0.15
6.65,-0.12
6.66,-0.13
6.67,-0.105
6.68,-0.09
6.69,-0.055
6.7,-0.06
6.71,-0.035
6.72,-0.015
6.73,0.02
6.74,0.045
6.75,0.065
6.76,0.095
6.77,0.145
6.78,0.18
6.79,0.215
6.8,0.2
6.81,0.225
6.82,0.235
6.83,0.245
6.84,0.235
6.85,0.225
6.86,0.175
6.87,0.13
6.88,0.09
6.89,0.05
6.9,0.035
6.91,0.015
6.92,0.005
6.93,0
6.94,-0.005
6.95,0
6.96,0
6.97,0
6.98,0
6.99,-0.005
7,-0.005
7.01,-0.02
7.02,-0.02
7.03,-0.04
7.04,-0.05
7.05,-0.06
7.06,-0.06
7.07,-0.06
7.08,-0.07
7.09,-0.065
7.1,-0.075
7.11,-0.07
7.12,-0.065
7.13,-0.075
7.14,-0.075
7.15,-0.075
7.16,-0.09
7.17,-0.075
7.18,-0.085
7.19,-0.08
7.2,-0.09
7.21,-0.075
7.22,-0.09
7.23,-0.08
7.24,-0.09
7.25,-0.08
7.26,-0.1
7.27,-0.085
7.28,-0.1
7.29,-0.075
7.3,-0.085
7.31,-0.09
7.32,-0.075
7.33,-0.015
7.34,0.025
7.35,0.055
7.36,0.155
7.37,0.16
7.38,0.095
7.39,0.015
7.4,-0.035
7.41,-0.05
7.42,-0.175
7.43,-0.17
7.44,-0.19
7.45,-0.175
7.46,-0.2
7.47,-0.105
7.48,0.335
7.49,1.095
7.5,1.47
7.51,0.065
7.52,-0.66
7.53,-0.69
7.54,-0.44
7.55,-0.185
7.56,-0.16
7.57,-0.135
7.58,-0.135
7.59,-0.115
7.6,-0.115
7.61,-0.11
7.62,-0.095
7.63,-0.055
7.64,-0.05
7.65,-0.015
7.66,-0.005
7.67,0.045
7.68,0.05
7.69,0.095
7.7,0.12
7.71,0.165
7.72,0.185
7.73,0.21
7.74,0.225
7.75,0.245
7.76,0.24
7.77,0.24
7.78,0.235
7.79,0.21
7.8,0.165
7.81,0.125
7.82,0.07
7.83,0.045
7.84,0.01
7.85,0.02
7.86,0.005
7.87,0
7.88,0
7.89,0
7.9,0
7.91,0
7.92,-0.005
7.93,-0.01
7.94,-0.005
7.95,-0.025
7.96,-0.005
7.97,-0.04
7.98,-0.04
7.99,-0.045
8,-0.045
8.01,-0.04
8.02,-0.055
8.03,-0.065
8.04,-0.05
8.05,-0.065
8.06,-0.065
8.07,-0.065
8.08,-0.065
8.09,-0.07
8.1,-0.065
8.11,-0.07
8.12,-0.065
8.13,-0.07
8.14,-0.07
8.15,-0.085
8.16,-0.06
8.17,-0.09
8.18,-0.065
8.19,-0.085
8.2,-0.08
8.21,-0.085
8.22,-0.05
8.23,-0.09
8.24,-0.075
8.25,-0.055
8.26,0.005
8.27,0.055
8.28,0.06
8.29,0.16
8.3,0.155
8.31,0.08
8.32,0.015
8.33,-0.02
8.34,-0.045
8.35,-0.17
8.36,-0.17
8.37,-0.175
8.38,-0.16
8.39,-0.2
8.4,-0.105
8.41,0.36
8.42,1.16
8.43,1.55
8.44,0.07
8.45,-0.69
8.46,-0.66
8.47,-0.41
8.48,-0.155
8.49,-0.155
8.5,-0.135
8.51,-0.135
8.52,-0.105
8.53,-0.11
8.54,-0.085
8.55,-0.09
8.56,-0.065
8.57,-0.045
8.58,-0.005
8.59,0
8.6,0.04
8.61,0.065
8.62,0.1
8.63,0.12
8.64,0.175
8.65,0.19
8.66,0.23
8.67,0.255
8.68,0.27
8.69,0.265
8.7,0.275
8.71,0.245
8.72,0.215
8.73,0.175
8.74,0.14
8.75,0.095
8.76,0.04
8.77,0.025
8.78,0.015
8.79,0
8.8,0
8.81,0
8.82,0
8.83,0
8.84,0
8.85,0
8.86,0
8.87,-0.005
8.88,-0.01
8.89,-0.01
8.9,-0.015
8.91,-0.03
8.92,-0.035
8.93,-0.045
8.94,-0.045
8.95,-0.05
8.96,-0.045
8.97,-0.065
8.98,-0.07
8.99,-0.075
9,-0.07
9.01,-0.09
9.02,-0.085
9.03,-0.09
9.04,-0.07
9.05,-0.085
9.06,-0.085
9.07,-0.095
9.08,-0.085
9.09,-0.09
9.1,-0.085
9.11,-0.09
9.12,-0.09
9.13,-0.1
9.14,-0.09
9.15,-0.105
9.16,-0.09
9.17,-0.1
9.18,-0.085
9.19,-0.055
9.2,0
9.21,0.035
9.22,0.05
9.23,0.17
9.24,0.135
9.25,0.06
9.26,0.01
9.27,-0.035
9.28,-0.075
9.29,-0.19
9.3,-0.185
9.31,-0.205
9.32,-0.18
9.33,-0.225
9.34,-0.11
9.35,0.38
9.36,1.215
9.37,1.545
9.38,-0.025
9.39,-0.765
9.4,-0.62
9.41,-0.37
9.42,-0.155
9.43,-0.17
9.44,-0.145
9.45,-0.16
9.46,-0.13
9.47,-0.145
9.48,-0.125
9.49,-0.12
9.5,-0.08
9.51,-0.065
9.52,-0.035
9.53,-0.02
9.54,0.01
9.55,0.035
9.56,0.08
9.57,0.105
9.58,0.155
9.59,0.18
9.6,0.22
9.61,0.225
9.62,0.24
9.63,0.235
9.64,0.245
9.65,0.225
9.66,0.2
9.67,0.155
9.68,0.115
9.69,0.075
9.7,0.05
9.71,0.02
9.72,0
9.73,-0.01
9.74,-0.015
9.75,-0.01
9.76,-0.01
9.77,-0.005
9.78,0
9.79,0
9.8,0
9.81,0
9.82,0
9.83,-0.005
9.84,-0.01
9.85,-0.02
9.86,-0.025
9.87,-0.035
9.88,-0.045
9.89,-0.055
9.9,-0.055
9.91,-0.06
9.92,-0.06
9.93,-0.06
9.94,-0.055
9.95,-0.055
9.96,-0.055
9.97,-0.065
9.98,-0.06
9.99,-0.055
10,-0.045
10.01,-0.055
10.02,-0.055
10.03,-0.055
10.04,-0.055
10.05,-0.075
10.06,-0.065
10.07,-0.08
10.08,-0.065
10.09,-0.08
10.1,-0.075
10.11,-0.09
10.12,-0.085
10.13,-0.105
10.14,-0.09
10.15,-0.11
10.16,-0.095
10.17,-0.11
10.18,-0.1
10.19,-0.085
10.2,-0.025
10.21,0.01
10.22,0.01
10.23,0.1
10.24,0.135
10.25,0.075
10.26,0
10.27,-0.05
10.28,-0.045
10.29,-0.175
10.3,-0.195
10.31,-0.205
10.32,-0.19
10.33,-0.205
10.34,-0.22
10.35,0.145
10.36,1.025
10.37,1.605
10.38,0.24
10.39,-0.625
10.4,-0.665
10.41,-0.425
10.42,-0.18
10.43,-0.185
10.44,-0.175
10.45,-0.175
10.46,-0.15
10.47,-0.15
10.48,-0.12
10.49,-0.12
10.5,-0.09
10.51,-0.08
10.52,-0.045
10.53,-0.025
10.54,0
10.55,0.02
10.56,0.06
10.57,0.08
10.58,0.13
10.59,0.16
10.6,0.185
10.61,0.195
10.62,0.21
10.63,0.21
10.64,0.22
10.65,0.215
10.66,0.195
10.67,0.17
10.68,0.135
10.69,0.085
10.7,0.045
10.71,0.015
10.72,-0.005
10.73,-0.015
10.74,-0.015
10.75,-0.015
10.76,-0.005
10.77,-0.005
10.78,0
10.79,0
10.8,0.015
10.81,0.01
10.82,0
10.83,0
10.84,0
10.85,-0.01
10.86,-0.015
10.87,-0.025
10.88,-0.03
10.89,-0.025
10.9,-0.04
10.91,-0.045
10.92,-0.04
10.93,-0.05
10.94,-0.055
10.95,-0.045
10.96,-0.03
10.97,-0.045
10.98,-0.05
10.99,-0.04
11,-0.045
11.01,-0.055
11.02,-0.055
11.03,-0.065
11.04,-0.065
11.05,-0.065
11.06,-0.07
11.07,-0.08
11.08,-0.065
11.09,-0.075
11.1,-0.075
11.11,-0.08
11.12,-0.07
11.13,-0.08
11.14,-0.08
11.15,-0.085
11.16,-0.065
11.17,-0.08
11.18,-0.08
11.19,-0.09
11.2,-0.09
11.21,-0.075
11.22,-0.025
11.23,0.035
11.24,0.045
11.25,0.115
11.26,0.165
11.27,0.125
11.28,0.04
11.29,-0.015
11.3,-0.005
11.31,-0.135
11.32,-0.17
11.33,-0.185
11.34,-0.165
11.35,-0.18
11.36,-0.2
11.37,0.135
11.38,0.89
11.39,1.44
11.4,0.425
11.41,-0.47
11.42,-0.67
11.43,-0.455
11.44,-0.2
11.45,-0.155
11.46,-0.13
11.47,-0.14
11.48,-0.125
11.49,-0.13
11.5,-0.105
11.51,-0.11
11.52,-0.08
11.53,-0.06
11.54,-0.045
11.55,-0.03
11.56,0.005
11.57,0.015
11.58,0.045
11.59,0.085
11.6,0.11
11.61,0.14
11.62,0.18
11.63,0.205
11.64,0.215
11.65,0.215
11.66,0.235
11.67,0.225
11.68,0.225
11.69,0.19
11.7,0.16
11.71,0.125
11.72,0.07
11.73,0.035
11.74,0.015
11.75,0.01
11.76,0.005
11.77,0.005
11.78,0
11.79,0.005
11.8,0.01
11.81,0.005
11.82,0.005
11.83,0.01
11.84,0
11.85,0.005
11.86,0
11.87,-0.01
11.88,-0.015
11.89,-0.02
11.9,-0.015
11.91,-0.025
11.92,-0.03
11.93,-0.03
11.94,-0.04
11.95,-0.035
11.96,-0.035
11.97,-0.04
11.98,-0.045
11.99,-0.045
12,-0.05
12.01,-0.045
12.02,-0.055
12.03,-0.055
12.04,-0.06
12.05,-0.06
12.06,-0.065
12.07,-0.055
12.08,-0.065
12.09,-0.065
12.1,-0.065
12.11,-0.06
12.12,-0.06
12.13,-0.06
12.14,-0.07
12.15,-0.06
12.16,-0.08
12.17,-0.075
12.18,-0.075
12.19,-0.075
12.2,-0.08
12.21,-0.07
12.22,-0.065
12.23,-0.01
12.24,0.03
12.25,0.05
12.26,0.1
12.27,0.2
12.28,0.145
12.29,0.055
12.3,-0.005
12.31,0
12.32,-0.12
12.33,-0.16
12.34,-0.17
12.35,-0.16
12.36,-0.175
12.37,-0.21
12.38,0.125
12.39,0.835
12.4,1.35
12.41,0.53
12.42,-0.335
12.43,-0.675
12.44,-0.54
12.45,-0.25
12.46,-0.145
12.47,-0.145
12.48,-0.135
12.49,-0.115
12.5,-0.115
12.51,-0.09
12.52,-0.09
12.53,-0.075
12.54,-0.06
12.55,-0.025
12.56,0
12.57,0.03
12.58,0.04
12.59,0.08
12.6,0.095
12.61,0.13
12.62,0.16
12.63,0.205
12.64,0.21
12.65,0.22
12.66,0.225
12.67,0.25
12.68,0.25
12.69,0.23
12.7,0.195
12.71,0.17
12.72,0.115
12.73,0.075
12.74,0.05
12.75,0.035
12.76,0.005
12.77,0.015
12.78,0.03
12.79,0.025
12.8,0.02
12.81,0.02
12.82,0.03
12.83,0.02
12.84,0.035
12.85,0.015
12.86,0.005
12.87,0.005
12.88,-0.005
12.89,-0.005
12.9,-0.02
12.91,-0.01
12.92,-0.015
12.93,-0.035
12.94,-0.03
12.95,-0.025
12.96,-0.025
12.97,-0.025
12.98,-0.04
12.99,-0.04
13,-0.035
13.01,-0.03
13.02,-0.03
13.03,-0.04
13.04,-0.03
13.05,-0.04
13.06,-0.03
13.07,-0.035
13.08,-0.035
13.09,-0.045
13.1,-0.045
13.11,-0.065
13.12,-0.055
13.13,-0.06
13.14,-0.06
13.15,-0.075
13.16,-0.05
13.17,-0.06
13.18,-0.06
13.19,-0.065
13.2,-0.07
13.21,-0.04
13.22,0.01
13.23,0.055
13.24,0.075
13.25,0.18
13.26,0.185
13.27,0.1
13.28,0.025
13.29,-0.025
13.3,-0.055
13.31,-0.175
13.32,-0.165
13.33,-0.18
13.34,-0.17
13.35,-0.22
13.36,-0.1
13.37,0.365
13.38,1.095
13.39,1.45
13.4,0.065
13.41,-0.665
13.42,-0.67
13.43,-0.435
13.44,-0.185
13.45,-0.17
13.46,-0.15
13.47,-0.155
13.48,-0.13
13.49,-0.12
13.5,-0.095
13.51,-0.105
13.52,-0.07
13.53,-0.055
13.54,-0.025
13.55,-0.005
13.56,0.035
13.57,0.04
13.58,0.085
13.59,0.12
13.6,0.165
13.61,0.19
13.62,0.22
13.63,0.235
13.64,0.25
13.65,0.255
13.66,0.26
13.67,0.245
13.68,0.215
13.69,0.18
13.7,0.14
13.71,0.095
13.72,0.06
13.73,0.03
13.74,0.015
13.75,0.01
13.76,0.01
13.77,0.01
13.78,0
13.79,0.005
13.8,0.01
13.81,0.015
13.82,0
13.83,0.005
13.84,0
13.85,0
13.86,-0.02
13.87,-0.025
13.88,-0.015
13.89,-0.015
13.9,-0.015
13.91,-0.03
13.92,-0.04
13.93,-0.035
13.94,-0.045
13.95,-0.04
13.96,-0.04
13.97,-0.045
13.98,-0.05
13.99,-0.04
14,-0.05
14.01,-0.05
14.02,-0.05
14.03,-0.055
14.04,-0.06
14.05,-0.05
14.06,-0.065
14.07,-0.055
14.08,-0.075
14.09,-0.055
14.1,-0.075
14.11,-0.055
14.12,-0.075
14.13,-0.065
14.14,-0.07
14.15,-0.075
14.16,-0.1
14.17,-0.07
14.18,-0.045
14.19,0.01
14.2,0.05
14.21,0.065
14.22,0.17
14.23,0.155
14.24,0.085
14.25,0.035
14.26,-0.02
14.27,-0.03
14.28,-0.16
14.29,-0.165
14.3,-0.19
14.31,-0.165
14.32,-0.205
14.33,-0.12
14.34,0.31
14.35,1.15
14.36,1.59
14.37,0.07
14.38,-0.685
14.39,-0.615
14.4,-0.385
14.41,-0.16
14.42,-0.175
14.43,-0.14
14.44,-0.15
14.45,-0.135
14.46,-0.14
14.47,-0.12
14.48,-0.115
14.49,-0.085
14.5,-0.08
14.51,-0.045
14.52,-0.03
14.53,0.005
14.54,0.02
14.55,0.055
14.56,0.085
14.57,0.145
14.58,0.175
14.59,0.205
14.6,0.215
14.61,0.235
14.62,0.24
14.63,0.245
14.64,0.235
14.65,0.215
14.66,0.18
14.67,0.145
14.68,0.095
14.69,0.055
14.7,0.015
14.71,0.01
14.72,-0.015
14.73,-0.01
14.74,-0.01
14.75,-0.01
14.76,-0.015
14.77,-0.005
14.78,0
14.79,0
14.8,-0.005
14.81,-0.015
14.82,-0.015
14.83,-0.02
14.84,-0.025
14.85,-0.04
14.86,-0.055
14.87,-0.05
14.88,-0.055
14.89,-0.05
14.9,-0.07
14.91,-0.07
14.92,-0.07
14.93,-0.08
14.94,-0.07
14.95,-0.075
14.96,-0.075
14.97,-0.08
14.98,-0.075
14.99,-0.085
15,-0.075
15.01,-0.075
15.02,-0.075
15.03,-0.08
15.04,-0.085
15.05,-0.09
15.06,-0.075
15.07,-0.08
15.08,-0.075
15.09,-0.1
15.1,-0.095
15.11,-0.08
15.12,-0.085
15.13,-0.075
15.14,-0.025
15.15,0.03
15.16,0.02
15.17,0.085
15.18,0.15
15.19,0.105
15.2,0.025
15.21,-0.04
15.22,-0.035
15.23,-0.15
15.24,-0.2
15.25,-0.21
15.26,-0.195
15.27,-0.195
15.28,-0.225
15.29,0.095
15.3,0.835
15.31,1.39
15.32,0.585
15.33,-0.35
15.34,-0.685
15.35,-0.505
15.36,-0.235
15.37,-0.16
15.38,-0.15
15.39,-0.15
15.4,-0.135
15.41,-0.14
15.42,-0.12
15.43,-0.1
15.44,-0.075
15.45,-0.06
15.46,-0.035
15.47,-0.015
15.48,0.01
15.49,0.035
15.5,0.07
15.51,0.1
15.52,0.14
15.53,0.17
15.54,0.21
15.55,0.23
15.56,0.25
15.57,0.26
15.58,0.26
15.59,0.26
15.6,0.235
15.61,0.2
15.62,0.155
15.63,0.115
15.64,0.07
15.65,0.035
15.66,0.01
15.67,0.01
15.68,0
15.69,0
15.7,-0.005
15.71,0
15.72,0
15.73,0
15.74,0
15.75,0
15.76,0
15.77,0
15.78,-0.01
15.79,-0.01
15.8,-0.015
15.81,-0.025
15.82,-0.03
15.83,-0.04
15.84,-0.045
15.85,-0.055
15.86,-0.055
15.87,-0.06
15.88,-0.06
15.89,-0.065
15.9,-0.065
15.91,-0.065
15.92,-0.06
15.93,-0.065
15.94,-0.065
15.95,-0.08
15.96,-0.075
15.97,-0.08
15.98,-0.07
15.99,-0.085
16,-0.07
16.01,-0.085
16.02,-0.07
16.03,-0.085
16.04,-0.07
16.05,-0.09
16.06,-0.08
16.07,-0.09
16.08,-0.075
16.09,-0.095
16.1,-0.08
16.11,-0.055
16.12,0.005
16.13,0.04
16.14,0.04
16.15,0.15
16.16,0.14
16.17,0.065
16.18,0.005
16.19,-0.045
16.2,-0.055
16.21,-0.19
16.22,-0.19
16.23,-0.21
16.24,-0.18
16.25,-0.205
16.26,-0.16
16.27,0.255
16.28,1.15
16.29,1.64
16.3,0.005
16.31,-0.72
16.32,-0.59
16.33,-0.365
16.34,-0.155
16.35,-0.18
16.36,-0.145
16.37,-0.155
16.38,-0.125
16.39,-0.13
16.4,-0.095
16.41,-0.095
16.42,-0.06
16.43,-0.055
16.44,-0.015
16.45,-0.005
16.46,0.025
16.47,0.045
16.48,0.085
16.49,0.115
16.5,0.165
16.51,0.205
16.52,0.245
16.53,0.25
16.54,0.26
16.55,0.255
16.56,0.25
16.57,0.25
16.58,0.23
16.59,0.185
16.6,0.145
16.61,0.105
16.62,0.06
16.63,0.025
16.64,0.005
16.65,0
16.66,-0.01
16.67,0
16.68,0
16.69,0
16.7,0
16.71,0
16.72,0
16.73,0.005
16.74,0
16.75,-0.005
16.76,-0.005
16.77,-0.01
16.78,-0.015
16.79,-0.02
16.8,-0.025
16.81,-0.035
16.82,-0.045
16.83,-0.035
16.84,-0.05
16.85,-0.05
16.86,-0.055
16.87,-0.055
16.88,-0.06
16.89,-0.055
16.9,-0.06
16.91,-0.065
16.92,-0.065
16.93,-0.06
16.94,-0.06
16.95,-0.05
16.96,-0.07
16.97,-0.06
16.98,-0.065
16.99,-0.055
17,-0.07
17.01,-0.06
17.02,-0.08
17.03,-0.065
17.04,-0.08
17.05,-0.08
17.06,-0.085
17.07,-0.075
17.08,-0.085
17.09,-0.075
17.1,-0.09
17.11,-0.08
17.12,-0.045
17.13,0
17.14,0.04
17.15,0.07
17.16,0.18
17.17,0.145
17.18,0.05
17.19,0
17.2,-0.035
17.21,-0.085
17.22,-0.185
17.23,-0.185
17.24,-0.19
17.25,-0.17
17.26,-0.225
17.27,-0.025
17.28,0.5
17.29,1.13
17.3,1.185
17.31,-0.07
17.32,-0.7
17.33,-0.62
17.34,-0.355
17.35,-0.15
17.36,-0.16
17.37,-0.14
17.38,-0.145
17.39,-0.12
17.4,-0.115
17.41,-0.095
17.42,-0.085
17.43,-0.075
17.44,-0.065
17.45,-0.03
17.46,-0.015
17.47,0.01
17.48,0.03
17.49,0.08
17.5,0.1
17.51,0.14
17.52,0.17
17.53,0.215
17.54,0.23
17.55,0.245
17.56,0.245
17.57,0.26
17.58,0.24
17.59,0.225
17.6,0.18
17.61,0.16
17.62,0.115
17.63,0.065
17.64,0.045
17.65,0.045
17.66,0.015
17.67,0
17.68,0.005
17.69,0.005
17.7,0.01
17.71,0
17.72,0
17.73,-0.005
17.74,-0.005
17.75,-0.01
17.76,-0.02
17.77,-0.03
17.78,-0.03
17.79,-0.025
17.8,-0.04
17.81,-0.03
17.82,-0.06
17.83,-0.05
17.84,-0.045
17.85,-0.045
17.86,-0.055
17.87,-0.06
17.88,-0.055
17.89,-0.065
17.9,-0.065
17.91,-0.06
17.92,-0.055
17.93,-0.06
17.94,-0.07
17.95,-0.055
17.96,-0.075
17.97,-0.06
17.98,-0.075
17.99,-0.075
18,-0.08
18.01,-0.08
18.02,-0.09
18.03,-0.08
18.04,-0.09
18.05,-0.07
18.06,-0.07
18.07,-0.02
18.08,0.025
18.09,0.045
18.1,0.1
18.11,0.185
18.12,0.13
18.13,0.04
18.14,-0.03
18.15,-0.02
18.16,-0.13
18.17,-0.155
18.18,-0.17
18.19,-0.165
18.2,-0.18
18.21,-0.2
18.22,0.145
18.23,0.845
18.24,1.35
18.25,0.575
18.26,-0.295
18.27,-0.665
18.28,-0.545
18.29,-0.275
18.3,-0.16
18.31,-0.15
18.32,-0.145
18.33,-0.135
18.34,-0.14
18.35,-0.125
18.36,-0.105
18.37,-0.085
18.38,-0.07
18.39,-0.055
18.4,-0.04
18.41,0
18.42,0.02
18.43,0.065
18.44,0.065
18.45,0.105
18.46,0.14
18.47,0.19
18.48,0.195
18.49,0.225
18.5,0.22
18.51,0.22
18.52,0.23
18.53,0.215
18.54,0.175
18.55,0.135
18.56,0.09
18.57,0.05
18.58,0.025
18.59,0.01
18.6,-0.005
18.61,-0.015
18.62,-0.01
18.63,0
18.64,0
18.65,0
18.66,0
18.67,0
18.68,0
18.69,-0.005
18.7,0
18.71,-0.025
18.72,-0.025
18.73,-0.025
18.74,-0.025
18.75,-0.03
18.76,-0.05
18.77,-0.035
18.78,-0.05
18.79,-0.045
18.8,-0.055
18.81,-0.05
18.82,-0.055
18.83,-0.055
18.84,-0.08
18.85,-0.05
18.86,-0.065
18.87,-0.05
18.88,-0.08
18.89,-0.075
18.9,-0.075
18.91,-0.075
18.92,-0.085
18.93,-0.06
18.94,-0.08
18.95,-0.085
18.96,-0.075
18.97,-0.02
18.98,0.02
18.99,0.045
19,0.125
19.01,0.165
19.02,0.115
19.03,0.02
19.04,-0.045
19.05,-0.04
19.06,-0.165
19.07,-0.185
19.08,-0.21
19.09,-0.18
19.1,-0.205
19.11,-0.21
19.12,0.16
19.13,0.95
19.14,1.475
19.15,0.375
19.16,-0.45
19.17,-0.7
19.18,-0.525
19.19,-0.25
19.2,-0.17
19.21,-0.165
19.22,-0.165
19.23,-0.135
19.24,-0.135
19.25,-0.11
19.26,-0.115
19.27,-0.085
19.28,-0.08
19.29,-0.045
19.3,-0.035
19.31,0.01
19.32,0.02
19.33,0.04
19.34,0.09
19.35,0.13
19.36,0.17
19.37,0.205
19.38,0.21
19.39,0.25
19.4,0.235
19.41,0.25
19.42,0.225
19.43,0.225
19.44,0.17
19.45,0.125
19.46,0.1
19.47,0.035
19.48,0.01
19.49,-0.015
19.5,-0.02
19.51,-0.035
19.52,-0.025
19.53,-0.03
19.54,-0.03
19.55,-0.03
19.56,-0.035
19.57,-0.045
19.58,-0.04
19.59,-0.035
19.6,-0.04
19.61,-0.055
19.62,-0.05
19.63,-0.04
19.64,-0.07
19.65,-0.06
19.66,-0.065
19.67,-0.06
19.68,-0.095
19.69,-0.095
19.7,-0.1
19.71,-0.065
19.72,-0.095
19.73,-0.115
19.74,-0.09
19.75,-0.085
19.76,-0.12
19.77,-0.08
19.78,-0.125
19.79,-0.115
19.8,-0.105
19.81,-0.085
19.82,-0.065
19.83,0.01
19.84,0.04
19.85,0.06
19.86,0.195
19.87,0.155
19.88,0.075
19.89,0
19.9,-0.035
19.91,-0.09
19.92,-0.185
19.93,-0.18
19.94,-0.19
19.95,-0.17
19.96,-0.235
19.97,-0.08
19.98,0.445
19.99,1.18
20,1.415
20.01,0.04
20.02,-0.71
20.03,-0.675
20.04,-0.41
20.05,-0.165
20.06,-0.175
20.07,-0.14
20.08,-0.13
20.09,-0.11
20.1,-0.12
20.11,-0.1
20.12,-0.085
20.13,-0.055
20.14,-0.045
20.15,-0.015
20.16,-0.005
20.17,0.025
20.18,0.055
20.19,0.1
20.2,0.13
20.21,0.175
20.22,0.185
20.23,0.235
20.24,0.25
20.25,0.265
20.26,0.265
20.27,0.27
20.28,0.255
20.29,0.215
20.3,0.17
20.31,0.11
20.32,0.06
20.33,0.04
20.34,0
20.35,-0.01
20.36,-0.025
20.37,-0.02
20.38,-0.03
20.39,-0.04
20.4,-0.04
20.41,-0.03
20.42,-0.02
20.43,-0.03
20.44,-0.035
20.45,-0.035
20.46,-0.04
20.47,-0.055
20.48,-0.045
20.49,-0.065
20.5,-0.065
20.51,-0.075
20.52,-0.07
20.53,-0.08
20.54,-0.08
20.55,-0.09
20.56,-0.08
20.57,-0.09
20.58,-0.095
20.59,-0.1
20.6,-0.095
20.61,-0.1
20.62,-0.1
20.63,-0.11
20.64,-0.105
20.65,-0.11
20.66,-0.105
20.67,-0.09
20.68,-0.025
20.69,0.03
20.7,0.015
20.71,0.095
20.72,0.13
20.73,0.085
20.74,0.005
20.75,-0.05
20.76,-0.06
20.77,-0.175
20.78,-0.21
20.79,-0.21
20.8,-0.205
20.81,-0.21
20.82,-0.245
20.83,0.065
20.84,0.89
20.85,1.575
20.86,0.785
20.87,-0.38
20.88,-0.715
20.89,-0.475
20.9,-0.225
20.91,-0.18
20.92,-0.175
20.93,-0.165
20.94,-0.155
20.95,-0.145
20.96,-0.125
20.97,-0.115
20.98,-0.09
20.99,-0.075
21,-0.045
21.01,-0.02
21.02,0
21.03,0.035
21.04,0.07
21.05,0.11
21.06,0.15
21.07,0.19
21.08,0.23
21.09,0.26
21.1,0.27
21.11,0.275
21.12,0.28
21.13,0.27
21.14,0.24
21.15,0.195
21.16,0.145
21.17,0.095
21.18,0.055
21.19,0.025
21.2,0
21.21,-0.005
21.22,-0.01
21.23,-0.01
21.24,-0.005
21.25,-0.005
21.26,-0.005
21.27,0
21.28,0
21.29,0
21.3,0
21.31,-0.01
21.32,-0.015
21.33,-0.02
21.34,-0.025
21.35,-0.035
21.36,-0.04
21.37,-0.05
21.38,-0.055
21.39,-0.06
21.4,-0.065
21.41,-0.065
21.42,-0.065
21.43,-0.065
21.44,-0.075
21.45,-0.065
21.46,-0.075
21.47,-0.075
21.48,-0.075
21.49,-0.075
21.5,-0.08
21.51,-0.075
21.52,-0.085
21.53,-0.07
21.54,-0.08
21.55,-0.07
21.56,-0.08
21.57,-0.08
21.58,-0.09
21.59,-0.08
21.6,-0.09
21.61,-0.08
21.62,-0.095
21.63,-0.085
21.64,-0.06
21.65,-0.01
21.66,0.035
21.67,0.03
21.68,0.125
21.69,0.14
21.7,0.09
21.71,0.015
21.72,-0.03
21.73,-0.035
21.74,-0.16
21.75,-0.185
21.76,-0.185
21.77,-0.15
21.78,-0.185
21.79,-0.195
21.8,0.15
21.81,1.065
21.82,1.715
21.83,0.38
21.84,-0.62
21.85,-0.63
21.86,-0.39
21.87,-0.16
21.88,-0.165
21.89,-0.15
21.9,-0.16
21.91,-0.135
21.92,-0.135
21.93,-0.13
21.94,-0.11
21.95,-0.085
21.96,-0.07
21.97,-0.035
21.98,-0.025
21.99,0
22,0.03
22.01,0.085
22.02,0.095
22.03,0.15
22.04,0.175
22.05,0.225
22.06,0.24
22.07,0.255
22.08,0.275
22.09,0.275
22.1,0.265
22.11,0.26
22.12,0.21
22.13,0.175
22.14,0.11
22.15,0.07
22.16,0.04
22.17,0.025
22.18,0
22.19,-0.01
22.2,-0.005
22.21,-0.005
22.22,-0.02
22.23,-0.01
22.24,-0.02
22.25,-0.005
22.26,0
22.27,-0.03
22.28,-0.02
22.29,-0.025
22.3,-0.015
22.31,-0.04
22.32,-0.035
22.33,-0.045
22.34,-0.055
22.35,-0.045
22.36,-0.06
22.37,-0.06
22.38,-0.055
22.39,-0.07
22.4,-0.06
22.41,-0.07
22.42,-0.06
22.43,-0.085
22.44,-0.08
22.45,-0.07
22.46,-0.065
22.47,-0.08
22.48,-0.085
22.49,-0.08
22.5,-0.105
22.51,-0.09
22.52,-0.08
22.53,-0.085
22.54,-0.1
22.55,-0.09
22.56,-0.1
22.57,-0.08
22.58,-0.02
22.59,0.005
22.6,0.03
22.61,0.09
22.62,0.17
22.63,0.125
22.64,0.04
22.65,-0.035
22.66,-0.025
22.67,-0.155
22.68,-0.195
22.69,-0.2
22.7,-0.185
22.71,-0.195
22.72,-0.205
22.73,0.115
22.74,0.78
22.75,1.265
22.76,0.595
22.77,-0.285
22.78,-0.72
22.79,-0.615
22.8,-0.33
22.81,-0.18
22.82,-0.165
22.83,-0.15
22.84,-0.14
22.85,-0.14
22.86,-0.125
22.87,-0.115
22.88,-0.085
22.89,-0.055
22.9,-0.035
22.91,-0.025
22.92,0.005
22.93,0.01
22.94,0.06
22.95,0.08
22.96,0.1
22.97,0.145
22.98,0.17
22.99,0.21
23,0.23
23.01,0.23
23.02,0.25
23.03,0.235
23.04,0.22
23.05,0.195
23.06,0.165
23.07,0.125
23.08,0.07
23.09,0.04
23.1,0.025
23.11,0.005
23.12,-0.005
23.13,-0.01
23.14,0
23.15,0.005
23.16,0
23.17,0
23.18,-0.005
23.19,-0.01
23.2,-0.01
23.21,-0.03
23.22,-0.03
23.23,-0.02
23.24,-0.02
23.25,-0.05
23.26,-0.05
23.27,-0.065
23.28,-0.055
23.29,-0.065
23.3,-0.065
23.31,-0.07
23.32,-0.07
23.33,-0.08
23.34,-0.085
23.35,-0.085
23.36,-0.08
23.37,-0.075
23.38,-0.065
23.39,-0.09
23.4,-0.105
23.41,-0.07
23.42,-0.105
23.43,-0.075
23.44,-0.095
23.45,-0.07
23.46,-0.095
23.47,-0.085
23.48,-0.09
23.49,-0.07
23.5,-0.07
23.51,-0.005
23.52,0.02
23.53,0.045
23.54,0.135
23.55,0.2
23.56,0.115
23.57,0.03
23.58,-0.03
23.59,-0.035
23.6,-0.17
23.61,-0.175
23.62,-0.175
23.63,-0.17
23.64,-0.205
23.65,-0.165
23.66,0.265
23.67,1.075
23.68,1.57
23.69,0.21
23.7,-0.57
23.71,-0.71
23.72,-0.51
23.73,-0.24
23.74,-0.17
23.75,-0.155
23.76,-0.145
23.77,-0.135
23.78,-0.125
23.79,-0.105
23.8,-0.11
23.81,-0.055
23.82,-0.075
23.83,-0.015
23.84,-0.03
23.85,0.025
23.86,0.03
23.87,0.06
23.88,0.1
23.89,0.155
23.9,0.17
23.91,0.225
23.92,0.24
23.93,0.275
23.94,0.255
23.95,0.25
23.96,0.25
23.97,0.22
23.98,0.185
23.99,0.14
24,0.08
24.01,0.06
24.02,0.01
24.03,0
24.04,-0.01
24.05,-0.035
24.06,-0.015
24.07,-0.02
24.08,-0.02
24.09,-0.015
24.1,-0.005
24.11,0
24.12,-0.03
24.13,-0.015
24.14,-0.03
24.15,-0.04
24.16,-0.035
24.17,-0.05
24.18,-0.055
24.19,-0.06
24.2,-0.075
24.21,-0.08
24.22,-0.09
24.23,-0.07
24.24,-0.075
24.25,-0.08
24.26,-0.095
24.27,-0.085
24.28,-0.1
24.29,-0.09
24.3,-0.1
24.31,-0.1
24.32,-0.12
24.33,-0.135
24.34,-0.1
24.35,-0.015
24.36,0.01
24.37,0.035
24.38,0.12
24.39,0.17
24.4,0.085
24.41,-0.005
24.42,-0.06
24.43,-0.055
24.44,-0.195
24.45,-0.215
24.46,-0.22
24.47,-0.2
24.48,-0.25
24.49,-0.145
24.5,0.31
24.51,1.2
24.52,1.645
24.53,0.055
24.54,-0.75
24.55,-0.795
24.56,-0.505
24.57,-0.24
24.58,-0.21
24.59,-0.14
24.6,-0.17
24.61,-0.14
24.62,-0.165
24.63,-0.12
24.64,-0.115
24.65,-0.075
24.66,-0.075
24.67,-0.05
24.68,0
24.69,-0.02
24.7,0.045
24.71,0.065
24.72,0.115
24.73,0.165
24.74,0.19
24.75,0.245
24.76,0.255
24.77,0.25
24.78,0.26
24.79,0.285
24.8,0.265
24.81,0.185
24.82,0.17
24.83,0.095
24.84,0.055
24.85,0.03
24.86,-0.05
24.87,-0.025
24.88,-0.06
24.89,-0.045
24.9,-0.06
24.91,-0.07
24.92,-0.065
24.93,-0.05
24.94,-0.05
24.95,-0.055
24.96,-0.04
24.97,-0.045
24.98,-0.05
24.99,-0.05
25,-0.07
25.01,-0.095
25.02,-0.075
25.03,-0.08
25.04,-0.095
25.05,-0.085
25.06,-0.1
25.07,-0.095
25.08,-0.125
25.09,-0.1
25.1,-0.1
25.11,-0.09
25.12,-0.055
25.13,0.015
25.14,0.02
25.15,0.06
25.16,0.16
25.17,0.14
25.18,0.035
25.19,-0.025
25.2,-0.035
25.21,-0.125
25.22,-0.215
25.23,-0.21
25.24,-0.19
25.25,-0.205
25.26,-0.265
25.27,-0.005
25.28,0.745
25.29,1.48
25.3,1.13
25.31,-0.275
25.32,-0.855
25.33,-0.65
25.34,-0.355
25.35,-0.175
25.36,-0.175
25.37,-0.155
25.38,-0.15
25.39,-0.15
25.4,-0.135
25.41,-0.12
25.42,-0.075
25.43,-0.085
25.44,-0.055
25.45,-0.02
25.46,0
25.47,0.01
25.48,0.065
25.49,0.095
25.5,0.12
25.51,0.21
25.52,0.23
25.53,0.265
25.54,0.285
25.55,0.29
25.56,0.3
25.57,0.275
25.58,0.24
25.59,0.18
25.6,0.14
25.61,0.07
25.62,0.005
25.63,-0.01
25.64,-0.03
25.65,-0.065
25.66,-0.07
25.67,-0.07
25.68,-0.075
25.69,-0.08
25.7,-0.06
25.71,-0.06
25.72,-0.06
25.73,-0.055
25.74,-0.055
25.75,-0.055
25.76,-0.06
25.77,-0.07
25.78,-0.08
25.79,-0.08
25.8,-0.08
25.81,-0.11
25.82,-0.1
25.83,-0.11
25.84,-0.095
25.85,-0.11
25.86,-0.125
25.87,-0.135
25.88,-0.085
25.89,-0.06
25.9,0.005
25.91,0.015
25.92,0.045
25.93,0.145
25.94,0.135
25.95,0.03
25.96,-0.03
25.97,-0.065
25.98,-0.12
25.99,-0.225
26,-0.22
26.01,-0.225
26.02,-0.215
26.03,-0.255
26.04,-0.05
26.05,0.615
26.06,1.465
26.07,1.475
26.08,-0.185
26.09,-0.885
26.1,-0.615
26.11,-0.335
26.12,-0.17
26.13,-0.175
26.14,-0.16
26.15,-0.15
26.16,-0.14
26.17,-0.155
26.18,-0.13
26.19,-0.115
26.2,-0.06
26.21,-0.07
26.22,-0.04
26.23,-0.025
26.24,0.02
26.25,0.04
26.26,0.09
26.27,0.12
26.28,0.18
26.29,0.225
26.3,0.255
26.31,0.285
26.32,0.3
26.33,0.3
26.34,0.29
26.35,0.235
26.36,0.2
26.37,0.14
26.38,0.09
26.39,0.035
26.4,0.005
26.41,-0.025
26.42,-0.04
26.43,-0.05
26.44,-0.04
26.45,-0.045
26.46,-0.045
26.47,-0.04
26.48,-0.04
26.49,-0.045
26.5,-0.045
26.51,-0.05
26.52,-0.04
26.53,-0.065
26.54,-0.055
26.55,-0.065
26.56,-0.07
26.57,-0.08
26.58,-0.08
26.59,-0.095
26.6,-0.075
26.61,-0.09
26.62,-0.105
26.63,-0.115
26.64,-0.105
26.65,-0.125
26.66,-0.1
26.67,-0.115
26.68,-0.105
26.69,-0.07
26.7,-0.005
26.71,0.03
26.72,0.035
26.73,0.125
26.74,0.145
26.75,0.08
26.76,0.025
26.77,-0.05
26.78,-0.06
26.79,-0.19
26.8,-0.2
26.81,-0.21
26.82,-0.205
26.83,-0.225
26.84,-0.235
26.85,0.155
26.86,1.09
26.87,1.75
26.88,0.42
26.89,-0.575
26.9,-0.67
26.91,-0.42
26.92,-0.175
26.93,-0.175
26.94,-0.155
26.95,-0.165
26.96,-0.145
26.97,-0.155
26.98,-0.12
26.99,-0.125
27,-0.085
27.01,-0.08
27.02,-0.045
27.03,-0.04
27.04,0
27.05,0.025
27.06,0.065
27.07,0.09
27.08,0.15
27.09,0.18
27.1,0.225
27.11,0.24
27.12,0.265
27.13,0.275
27.14,0.28
27.15,0.26
27.16,0.235
27.17,0.18
27.18,0.125
27.19,0.07
27.2,0.03
27.21,0
27.22,-0.02
27.23,-0.03
27.24,-0.03
27.25,-0.035
27.26,-0.03
27.27,-0.03
27.28,-0.035
27.29,-0.025
27.3,-0.035
27.31,-0.035
27.32,-0.03
27.33,-0.04
27.34,-0.055
27.35,-0.06
27.36,-0.08
27.37,-0.075
27.38,-0.08
27.39,-0.08
27.4,-0.09
27.41,-0.09
27.42,-0.105
27.43,-0.1
27.44,-0.105
27.45,-0.1
27.46,-0.105
27.47,-0.1
27.48,-0.105
27.49,-0.1
27.5,-0.075
27.51,-0.005
27.52,0.04
27.53,0.005
27.54,0.115
27.55,0.135
27.56,0.1
27.57,0.005
27.58,-0.06
27.59,-0.07
27.6,-0.18
27.61,-0.215
27.62,-0.215
27.63,-0.2
27.64,-0.205
27.65,-0.245
27.66,0.06
27.67,0.89
27.68,1.58
27.69,0.7
27.7,-0.47
27.71,-0.685
27.72,-0.41
27.73,-0.19
27.74,-0.185
27.75,-0.175
27.76,-0.17
27.77,-0.15
27.78,-0.14
27.79,-0.13
27.8,-0.12
27.81,-0.095
27.82,-0.07
27.83,-0.045
27.84,-0.025
27.85,-0.005
27.86,0.025
27.87,0.05
27.88,0.085
27.89,0.135
27.9,0.18
27.91,0.21
27.92,0.24
27.93,0.27
27.94,0.26
27.95,0.27
27.96,0.27
27.97,0.24
27.98,0.19
27.99,0.14
28,0.095
28.01,0.055
28.02,0.015
28.03,-0.005
28.04,-0.005
28.05,-0.01
28.06,-0.01
28.07,-0.02
28.08,-0.015
28.09,-0.01
28.1,-0.02
28.11,-0.025
28.12,-0.02
28.13,-0.035
28.14,-0.03
28.15,-0.025
28.16,-0.055
28.17,-0.055
28.18,-0.055
28.19,-0.065
28.2,-0.07
28.21,-0.06
28.22,-0.075
28.23,-0.08
28.24,-0.095
28.25,-0.08
28.26,-0.095
28.27,-0.09
28.28,-0.09
28.29,-0.095
28.3,-0.1
28.31,-0.09
28.32,-0.11
28.33,-0.085
28.34,-0.06
28.35,-0.015
28.36,0.03
28.37,0.045
28.38,0.13
28.39,0.16
28.4,0.095
28.41,0.045
28.42,-0.035
28.43,-0.04
28.44,-0.175
28.45,-0.19
28.46,-0.195
28.47,-0.195
28.48,-0.2
28.49,-0.21
28.5,0.125
28.51,0.865
28.52,1.45
28.53,0.45
28.54,-0.48
28.55,-0.72
28.56,-0.535
28.57,-0.235
28.58,-0.18
28.59,-0.17
28.6,-0.16
28.61,-0.16
28.62,-0.145
28.63,-0.14
28.64,-0.125
28.65,-0.08
28.66,-0.085
28.67,-0.06
28.68,-0.04
28.69,0.005
28.7,0.02
28.71,0.045
28.72,0.085
28.73,0.135
28.74,0.155
28.75,0.195
28.76,0.215
28.77,0.23
28.78,0.27
28.79,0.265
28.8,0.26
28.81,0.235
28.82,0.175
28.83,0.16
28.84,0.09
28.85,0.05
28.86,0.02
28.87,0.01
28.88,-0.015
28.89,-0.025
28.9,-0.015
28.91,-0.02
28.92,-0.005
28.93,-0.03
28.94,-0.005
28.95,-0.015
28.96,-0.03
28.97,-0.02
28.98,-0.03
28.99,-0.01
29,-0.045
29.01,-0.065
29.02,-0.07
29.03,-0.075
29.04,-0.055
29.05,-0.07
29.06,-0.085
29.07,-0.065
29.08,-0.1
29.09,-0.06
29.1,-0.105
29.11,-0.08
29.12,-0.095
29.13,-0.095
29.14,-0.1
29.15,-0.09
29.16,-0.11
29.17,-0.085
29.18,-0.07
29.19,-0.005
29.2,0.025
29.21,0.055
29.22,0.14
29.23,0.155
29.24,0.09
29.25,0.02
29.26,-0.035
29.27,-0.075
29.28,-0.165
29.29,-0.195
29.3,-0.21
29.31,-0.205
29.32,-0.225
29.33,-0.17
29.34,0.22
29.35,1.055
29.36,1.545
29.37,0.19
29.38,-0.65
29.39,-0.765
29.4,-0.535
29.41,-0.235
29.42,-0.195
29.43,-0.135
29.44,-0.16
29.45,-0.135
29.46,-0.14
29.47,-0.12
29.48,-0.095
29.49,-0.08
29.5,-0.065
29.51,-0.035
29.52,-0.01
29.53,0
29.54,0.02
29.55,0.06
29.56,0.1
29.57,0.14
29.58,0.16
29.59,0.21
29.6,0.225
29.61,0.23
29.62,0.265
29.63,0.24
29.64,0.24
29.65,0.225
29.66,0.165
29.67,0.12
29.68,0.085
29.69,0.04
29.7,0
29.71,0
29.72,-0.025
29.73,-0.01
29.74,-0.025
29.75,-0.05
29.76,-0.01
29.77,-0.025
29.78,-0.03
29.79,-0.01
29.8,-0.04
29.81,-0.04
29.82,-0.04
29.83,-0.025
29.84,-0.065
29.85,-0.055
29.86,-0.075
29.87,-0.065
29.88,-0.085
29.89,-0.08
29.9,-0.07
29.91,-0.085
29.92,-0.1
29.93,-0.09
29.94,-0.09
29.95,-0.1
29.96,-0.11
29.97,-0.1
29.98,-0.09
29.99,-0.07
30,-0.045
30.01,0
30.02,0.035
30.03,0.06
30.04,0.185
30.05,0.16
30.06,0.065
30.07,0.03
30.08,-0.04
30.09,-0.11
30.1,-0.18
30.11,-0.195
30.12,-0.205
30.13,-0.185
30.14,-0.24
30.15,-0.05
30.16,0.58
30.17,1.33
30.18,1.29
30.19,-0.15
30.2,-0.84
30.21,-0.705
30.22,-0.395
30.23,-0.19
30.24,-0.175
30.25,-0.155
30.26,-0.185
30.27,-0.125
30.28,-0.145
30.29,-0.12
30.3,-0.09
30.31,-0.075
30.32,-0.05
30.33,-0.035
30.34,-0.01
30.35,0.025
30.36,0.03
30.37,0.105
30.38,0.115
30.39,0.165
30.4,0.2
30.41,0.235
30.42,0.26
30.43,0.265
30.44,0.265
30.45,0.285
30.46,0.24
30.47,0.2
30.48,0.16
30.49,0.11
30.5,0.07
30.51,0.015
30.52,-0.01
30.53,-0.015
30.54,-0.025
30.55,-0.04
30.56,-0.03
30.57,-0.02
30.58,-0.03
30.59,-0.025
30.6,-0.02
30.61,-0.03
30.62,-0.035
30.63,-0.03
30.64,-0.04
30.65,-0.05
30.66,-0.065
30.67,-0.055
30.68,-0.065
30.69,-0.065
30.7,-0.085
30.71,-0.08
30.72,-0.105
30.73,-0.085
30.74,-0.095
30.75,-0.085
30.76,-0.115
30.77,-0.1
30.78,-0.115
30.79,-0.09
30.8,-0.125
30.81,-0.105
30.82,-0.065
30.83,0
30.84,0.02
30.85,0.055
30.86,0.165
30.87,0.14
30.88,0.05
30.89,0
30.9,-0.045
30.91,-0.095
30.92,-0.195
30.93,-0.205
30.94,-0.225
30.95,-0.195
30.96,-0.23
30.97,-0.095
30.98,0.455
30.99,1.345
31,1.605
31.01,-0.075
31.02,-0.845
31.03,-0.635
31.04,-0.365
31.05,-0.16
31.06,-0.17
31.07,-0.15
31.08,-0.16
31.09,-0.135
31.1,-0.13
31.11,-0.105
31.12,-0.1
31.13,-0.07
31.14,-0.055
31.15,-0.03
31.16,-0.015
31.17,0.02
31.18,0.055
31.19,0.085
31.2,0.105
31.21,0.175
31.22,0.195
31.23,0.235
31.24,0.255
31.25,0.255
31.26,0.27
31.27,0.27
31.28,0.25
31.29,0.22
31.3,0.18
31.31,0.12
31.32,0.065
31.33,0.035
31.34,0.015
31.35,0
31.36,-0.015
31.37,-0.01
31.38,-0.02
31.39,-0.005
31.4,-0.005
31.41,-0.005
31.42,0
31.43,0
31.44,-0.005
31.45,-0.02
31.46,-0.02
31.47,-0.015
31.48,-0.03
31.49,-0.045
31.5,-0.05
31.51,-0.065
31.52,-0.075
31.53,-0.065
31.54,-0.07
31.55,-0.085
31.56,-0.08
31.57,-0.08
31.58,-0.085
31.59,-0.075
31.6,-0.08
31.61,-0.095
31.62,-0.09
31.63,-0.085
31.64,-0.075
31.65,-0.095
31.66,-0.095
31.67,-0.095
31.68,-0.095
31.69,-0.1
31.7,-0.11
31.71,-0.08
31.72,-0.025
31.73,0.025
31.74,0.02
31.75,0.095
31.76,0.155
31.77,0.11
31.78,0.015
31.79,-0.025
31.8,-0.035
31.81,-0.15
31.82,-0.19
31.83,-0.195
31.84,-0.195
31.85,-0.2
31.86,-0.235
31.87,0.065
31.88,0.87
31.89,1.575
31.9,0.8
31.91,-0.395
31.92,-0.74
31.93,-0.48
31.94,-0.22
31.95,-0.175
31.96,-0.165
31.97,-0.145
31.98,-0.135
31.99,-0.14
32,-0.12
32.01,-0.11
32.02,-0.08
32.03,-0.065
32.04,-0.05
32.05,-0.03
32.06,0
32.07,0.02
32.08,0.055
32.09,0.08
32.1,0.115
32.11,0.16
32.12,0.19
32.13,0.215
32.14,0.24
32.15,0.245
32.16,0.25
32.17,0.25
32.18,0.235
32.19,0.205
32.2,0.165
32.21,0.125
32.22,0.08
32.23,0.045
32.24,0.03
32.25,0.015
32.26,0.01
32.27,0.01
32.28,0.005
32.29,0.01
32.3,0.005
32.31,0.01
32.32,0
32.33,0
32.34,-0.005
32.35,-0.015
32.36,-0.015
32.37,-0.02
32.38,-0.03
32.39,-0.04
32.4,-0.04
32.41,-0.05
32.42,-0.05
32.43,-0.055
32.44,-0.055
32.45,-0.065
32.46,-0.065
32.47,-0.06
32.48,-0.06
32.49,-0.06
32.5,-0.07
32.51,-0.075
32.52,-0.065
32.53,-0.07
32.54,-0.065
32.55,-0.07
32.56,-0.07
32.57,-0.08
32.58,-0.075
32.59,-0.08
32.6,-0.07
32.61,-0.08
32.62,-0.075
32.63,-0.085
32.64,-0.075
32.65,-0.09
32.66,-0.075
32.67,-0.09
32.68,-0.075
32.69,-0.09
32.7,-0.075
32.71,-0.055
32.72,0
32.73,0.035
32.74,0.035
32.75,0.125
32.76,0.155
32.77,0.095
32.78,0.015
32.79,-0.03
32.8,-0.03
32.81,-0.155
32.82,-0.17
32.83,-0.185
32.84,-0.175
32.85,-0.195
32.86,-0.185
32.87,0.19
32.88,1.105
32.89,1.685
32.9,0.195
32.91,-0.65
32.92,-0.62
32.93,-0.385
32.94,-0.145
32.95,-0.155
32.96,-0.135
32.97,-0.145
32.98,-0.125
32.99,-0.135
33,-0.115
33.01,-0.11
33.02,-0.065
33.03,-0.055
33.04,-0.03
33.05,-0.02
33.06,0.015
33.07,0.04
33.08,0.08
33.09,0.095
33.1,0.13
33.11,0.15
33.12,0.19
33.13,0.21
33.14,0.215
33.15,0.22
33.16,0.235
33.17,0.23
33.18,0.225
33.19,0.195
33.2,0.17
33.21,0.13
33.22,0.09
33.23,0.055
33.24,0.04
33.25,0.02
33.26,0.01
33.27,0.01
33.28,0.005
33.29,0.015
33.3,0.01
33.31,0.01
33.32,0
33.33,0
33.34,0
33.35,0
33.36,-0.015
33.37,-0.02
33.38,-0.03
33.39,-0.035
33.4,-0.045
33.41,-0.045
33.42,-0.055
33.43,-0.04
33.44,-0.055
33.45,-0.05
33.46,-0.055
33.47,-0.04
33.48,-0.065
33.49,-0.06
33.5,-0.06
33.51,-0.05
33.52,-0.07
33.53,-0.065
33.54,-0.07
33.55,-0.055
33.56,-0.08
33.57,-0.065
33.58,-0.085
33.59,-0.06
33.6,-0.085
33.61,-0.075
33.62,-0.095
33.63,-0.065
33.64,-0.045
33.65,0.005
33.66,0.05
33.67,0.065
33.68,0.165
33.69,0.17
33.7,0.095
33.71,0.025
33.72,-0.04
33.73,-0.035
33.74,-0.17
33.75,-0.17
33.76,-0.2
33.77,-0.17
33.78,-0.195
33.79,-0.135
33.8,0.265
33.81,1.065
33.82,1.555
33.83,0.07
33.84,-0.695
33.85,-0.655
33.86,-0.415
33.87,-0.17
33.88,-0.16
33.89,-0.145
33.9,-0.145
33.91,-0.125
33.92,-0.14
33.93,-0.1
33.94,-0.11
33.95,-0.08
33.96,-0.065
33.97,-0.02
33.98,-0.015
33.99,0.015
34,0.025
34.01,0.065
34.02,0.105
34.03,0.125
34.04,0.16
34.05,0.18
34.06,0.2
34.07,0.23
34.08,0.205
34.09,0.23
34.1,0.215
34.11,0.205
34.12,0.165
34.13,0.15
34.14,0.09
34.15,0.06
34.16,0.03
34.17,0.015
34.18,0.015
34.19,0
34.2,0
34.21,0
34.22,-0.01
34.23,0.005
34.24,-0.005
34.25,0
34.26,-0.025
34.27,-0.025
34.28,-0.03
34.29,-0.04
34.3,-0.04
34.31,-0.045
34.32,-0.055
34.33,-0.055
34.34,-0.06
34.35,-0.055
34.36,-0.065
34.37,-0.07
34.38,-0.07
34.39,-0.08
34.4,-0.08
34.41,-0.075
34.42,-0.08
34.43,-0.085
34.44,-0.095
34.45,-0.08
34.46,-0.085
34.47,-0.1
34.48,-0.085
34.49,-0.09
34.5,-0.1
34.51,-0.1
34.52,-0.1
34.53,-0.025
34.54,0.015
34.55,0.02
34.56,0.08
34.57,0.185
34.58,0.12
34.59,0.055
34.6,-0.015
34.61,-0.025
34.62,-0.145
34.63,-0.17
34.64,-0.2
34.65,-0.195
34.66,-0.19
34.67,-0.235
34.68,0.06
34.69,0.73
34.7,1.305
34.71,0.725
34.72,-0.235
34.73,-0.72
34.74,-0.615
34.75,-0.33
34.76,-0.18
34.77,-0.155
34.78,-0.16
34.79,-0.135
34.8,-0.14
34.81,-0.11
34.82,-0.1
34.83,-0.08
34.84,-0.065
34.85,-0.04
34.86,-0.01
34.87,0.01
34.88,0.03
34.89,0.05
34.9,0.075
34.91,0.125
34.92,0.15
34.93,0.17
34.94,0.195
34.95,0.215
34.96,0.215
34.97,0.235
34.98,0.22
34.99,0.225
35,0.19
35.01,0.145
35.02,0.125
35.03,0.085
35.04,0.065
35.05,0.005
35.06,-0.005
35.07,0
35.08,0.01
35.09,0.005
35.1,-0.005
35.11,-0.03
35.12,-0.025
35.13,-0.01
35.14,-0.015
35.15,-0.015
35.16,-0.045
35.17,-0.04
35.18,-0.03
35.19,-0.045
35.2,-0.065
35.21,-0.075
35.22,-0.06
35.23,-0.06
35.24,-0.08
35.25,-0.075
35.26,-0.085
35.27,-0.065
35.28,-0.08
35.29,-0.09
35.3,-0.085
35.31,-0.065
35.32,-0.09
35.33,-0.085
35.34,-0.1
35.35,-0.09
35.36,-0.09
35.37,-0.09
35.38,-0.095
35.39,-0.03
35.4,0.04
35.41,0.035
35.42,0.085
35.43,0.2
35.44,0.145
35.45,0.05
35.46,-0.01
35.47,-0.025
35.48,-0.13
35.49,-0.15
35.5,-0.2
35.51,-0.19
35.52,-0.17
35.53,-0.215
35.54,0.065
35.55,0.83
35.56,1.44
35.57,0.705
35.58,-0.32
35.59,-0.775
35.6,-0.61
35.61,-0.325
35.62,-0.18
35.63,-0.145
35.64,-0.155
35.65,-0.13
35.66,-0.13
35.67,-0.12
35.68,-0.1
35.69,-0.075
35.7,-0.075
35.71,-0.035
35.72,-0.035
35.73,0.005
35.74,0.03
35.75,0.05
35.76,0.07
35.77,0.125
35.78,0.15
35.79,0.205
35.8,0.2
35.81,0.215
35.82,0.235
35.83,0.225
35.84,0.235
35.85,0.205
35.86,0.19
35.87,0.15
35.88,0.095
35.89,0.075
35.9,0.035
35.91,0.015
35.92,0
35.93,-0.015
35.94,-0.005
35.95,-0.015
35.96,-0.02
35.97,0
35.98,-0.015
35.99,-0.01
36,-0.02
36.01,-0.025
36.02,-0.035
36.03,-0.02
36.04,-0.04
36.05,-0.055
36.06,-0.055
36.07,-0.055
36.08,-0.06
36.09,-0.07
36.1,-0.065
36.11,-0.07
36.12,-0.065
36.13,-0.065
36.14,-0.085
36.15,-0.065
36.16,-0.075
36.17,-0.095
36.18,-0.095
36.19,-0.09
36.2,-0.085
36.21,-0.1
36.22,-0.085
36.23,-0.075
36.24,-0.025
36.25,0.02
36.26,0.03
36.27,0.085
36.28,0.195
36.29,0.145
36.3,0.045
36.31,-0.015
36.32,-0.04
36.33,-0.135
36.34,-0.2
36.35,-0.22
36.36,-0.2
36.37,-0.205
36.38,-0.26
36.39,0.04
36.4,0.775
36.41,1.44
36.42,0.905
36.43,-0.28
36.44,-0.79
36.45,-0.6
36.46,-0.315
36.47,-0.17
36.48,-0.165
36.49,-0.16
36.5,-0.14
36.51,-0.14
36.52,-0.135
36.53,-0.125
36.54,-0.09
36.55,-0.075
36.56,-0.04
36.57,-0.03
36.58,0.005
36.59,0.025
36.6,0.04
36.61,0.085
36.62,0.115
36.63,0.155
36.64,0.2
36.65,0.22
36.66,0.23
36.67,0.24
36.68,0.25
36.69,0.26
36.7,0.245
36.71,0.2
36.72,0.16
36.73,0.115
36.74,0.07
36.75,0.04
36.76,0.01
36.77,0
36.78,-0.005
36.79,-0.01
36.8,-0.015
36.81,0
36.82,0
36.83,-0.005
36.84,-0.015
36.85,-0.005
36.86,-0.015
36.87,-0.025
36.88,-0.035
36.89,-0.035
36.9,-0.045
36.91,-0.05
36.92,-0.06
36.93,-0.06
36.94,-0.075
36.95,-0.06
36.96,-0.08
36.97,-0.07
36.98,-0.075
36.99,-0.075
37,-0.095
37.01,-0.075
37.02,-0.09
37.03,-0.08
37.04,-0.095
37.05,-0.08
37.06,-0.095
37.07,-0.08
37.08,-0.1
37.09,-0.09
37.1,-0.065
37.11,0
37.12,0.04
37.13,0.045
37.14,0.16
37.15,0.15
37.16,0.07
37.17,0.02
37.18,-0.04
37.19,-0.065
37.2,-0.19
37.21,-0.185
37.22,-0.2
37.23,-0.19
37.24,-0.22
37.25,-0.155
37.26,0.295
37.27,1.22
37.28,1.71
37.29,0.065
37.3,-0.73
37.31,-0.63
37.32,-0.395
37.33,-0.15
37.34,-0.17
37.35,-0.155
37.36,-0.165
37.37,-0.14
37.38,-0.14
37.39,-0.11
37.4,-0.105
37.41,-0.075
37.42,-0.065
37.43,-0.03
37.44,-0.02
37.45,0.01
37.46,0.035
37.47,0.075
37.48,0.1
37.49,0.145
37.5,0.17
37.51,0.2
37.52,0.21
37.53,0.22
37.54,0.22
37.55,0.23
37.56,0.22
37.57,0.205
37.58,0.165
37.59,0.135
37.6,0.095
37.61,0.055
37.62,0.025
37.63,0.01
37.64,0.005
37.65,0
37.66,-0.005
37.67,0
37.68,0.005
37.69,0.005
37.7,0
37.71,0
37.72,-0.005
37.73,-0.015
37.74,-0.02
37.75,-0.03
37.76,-0.03
37.77,-0.04
37.78,-0.045
37.79,-0.055
37.8,-0.055
37.81,-0.06
37.82,-0.06
37.83,-0.065
37.84,-0.065
37.85,-0.075
37.86,-0.07
37.87,-0.08
37.88,-0.075
37.89,-0.085
37.9,-0.075
37.91,-0.085
37.92,-0.08
37.93,-0.09
37.94,-0.095
37.95,-0.105
37.96,-0.095
37.97,-0.105
37.98,-0.1
37.99,-0.07
38,-0.005
38.01,0.03
38.02,0.02
38.03,0.11
38.04,0.15
38.05,0.105
38.06,0.02
38.07,-0.035
38.08,-0.04
38.09,-0.16
38.1,-0.19
38.11,-0.2
38.12,-0.185
38.13,-0.19
38.14,-0.225
38.15,0.085
38.16,0.915
38.17,1.56
38.18,0.55
38.19,-0.5
38.2,-0.695
38.21,-0.44
38.22,-0.18
38.23,-0.17
38.24,-0.16
38.25,-0.155
38.26,-0.135
38.27,-0.135
38.28,-0.12
38.29,-0.11
38.3,-0.085
38.31,-0.065
38.32,-0.04
38.33,-0.02
38.34,0.005
38.35,0.025
38.36,0.06
38.37,0.085
38.38,0.12
38.39,0.155
38.4,0.18
38.41,0.195
38.42,0.205
38.43,0.195
38.44,0.21
38.45,0.21
38.46,0.2
38.47,0.175
38.48,0.155
38.49,0.11
38.5,0.075
38.51,0.05
38.52,0.025
38.53,0.01
38.54,0.01
38.55,0
38.56,0
38.57,0.01
38.58,0.005
38.59,0
38.6,0
38.61,-0.01
38.62,-0.02
38.63,-0.02
38.64,-0.025
38.65,-0.02
38.66,-0.035
38.67,-0.04
38.68,-0.045
38.69,-0.055
38.7,-0.06
38.71,-0.06
38.72,-0.065
38.73,-0.065
38.74,-0.075
38.75,-0.065
38.76,-0.08
38.77,-0.07
38.78,-0.075
38.79,-0.065
38.8,-0.075
38.81,-0.085
38.82,-0.085
38.83,-0.07
38.84,-0.085
38.85,-0.08
38.86,-0.095
38.87,-0.07
38.88,-0.095
38.89,-0.08
38.9,-0.055
38.91,0
38.92,0.03
38.93,0.05
38.94,0.15
38.95,0.165
38.96,0.115
38.97,0.035
38.98,-0.03
38.99,-0.045
39,-0.165
39.01,-0.165
39.02,-0.185
39.03,-0.175
39.04,-0.2
39.05,-0.18
39.06,0.175
39.07,0.96
39.08,1.48
39.09,0.235
39.1,-0.55
39.11,-0.675
39.12,-0.455
39.13,-0.19
39.14,-0.17
39.15,-0.145
39.16,-0.165
39.17,-0.125
39.18,-0.13
39.19,-0.1
39.2,-0.1
39.21,-0.08
39.22,-0.075
39.23,-0.04
39.24,-0.03
39.25,0.005
39.26,0.015
39.27,0.055
39.28,0.07
39.29,0.105
39.3,0.125
39.31,0.16
39.32,0.175
39.33,0.19
39.34,0.18
39.35,0.2
39.36,0.21
39.37,0.195
39.38,0.165
39.39,0.155
39.4,0.11
39.41,0.08
39.42,0.035
39.43,0.035
39.44,0.025
39.45,0.015
39.46,0
39.47,0
39.48,0
39.49,0.005
39.5,0
39.51,-0.005
39.52,-0.01
39.53,-0.02
39.54,-0.015
39.55,-0.035
39.56,-0.045
39.57,-0.045
39.58,-0.045
39.59,-0.04
39.6,-0.06
39.61,-0.075
39.62,-0.065
39.63,-0.06
39.64,-0.065
39.65,-0.07
39.66,-0.07
39.67,-0.08
39.68,-0.07
39.69,-0.07
39.7,-0.075
39.71,-0.09
39.72,-0.09
39.73,-0.075
39.74,-0.09
39.75,-0.08
39.76,-0.1
39.77,-0.085
39.78,-0.09
39.79,-0.075
39.8,-0.115
39.81,-0.09
39.82,-0.07
39.83,-0.02
39.84,0.015
39.85,0.025
39.86,0.13
39.87,0.17
39.88,0.095
39.89,0.015
39.9,-0.04
39.91,-0.055
39.92,-0.185
39.93,-0.185
39.94,-0.205
39.95,-0.175
39.96,-0.22
39.97,-0.165
39.98,0.245
39.99,1.005
40,1.455
40.01,0.175
40.02,-0.56
40.03,-0.705
40.04,-0.5
40.05,-0.23
40.06,-0.185
40.07,-0.155
40.08,-0.155
40.09,-0.135
40.1,-0.145
40.11,-0.11
40.12,-0.105
40.13,-0.075
40.14,-0.075
40.15,-0.035
40.16,-0.035
40.17,0
40.18,0.015
40.19,0.055
40.2,0.07
40.21,0.105
40.22,0.125
40.23,0.155
40.24,0.16
40.25,0.185
40.26,0.195
40.27,0.21
40.28,0.195
40.29,0.175
40.3,0.16
40.31,0.135
40.32,0.1
40.33,0.06
40.34,0.035
40.35,0.015
40.36,0.01
40.37,-0.005
40.38,-0.01
40.39,-0.005
40.4,0
40.41,0
40.42,-0.015
40.43,-0.015
40.44,-0.02
40.45,-0.035
40.46,-0.045
40.47,-0.05
40.48,-0.045
40.49,-0.06
40.5,-0.07
40.51,-0.08
40.52,-0.07
40.53,-0.075
40.54,-0.08
40.55,-0.085
40.56,-0.085
40.57,-0.09
40.58,-0.085
40.59,-0.085
40.6,-0.095
40.61,-0.1
40.62,-0.09
40.63,-0.1
40.64,-0.095
40.65,-0.105
40.66,-0.1
40.67,-0.1
40.68,-0.1
40.69,-0.11
40.7,-0.095
40.71,-0.055
40.72,0.01
40.73,0.02
40.74,0.055
40.75,0.17
40.76,0.12
40.77,0.04
40.78,-0.02
40.79,-0.04
40.8,-0.13
40.81,-0.2
40.82,-0.195
40.83,-0.2
40.84,-0.195
40.85,-0.245
40.86,0
40.87,0.645
40.88,1.3
40.89,0.99
40.9,-0.205
40.91,-0.735
40.92,-0.56
40.93,-0.3
40.94,-0.16
40.95,-0.16
40.96,-0.14
40.97,-0.14
40.98,-0.125
40.99,-0.115
41,-0.095
41.01,-0.085
41.02,-0.06
41.03,-0.045
41.04,-0.02
41.05,0
41.06,0.03
41.07,0.05
41.08,0.085
41.09,0.115
41.1,0.145
41.11,0.175
41.12,0.2
41.13,0.205
41.14,0.21
41.15,0.22
41.16,0.22
41.17,0.21
41.18,0.185
41.19,0.15
41.2,0.105
41.21,0.07
41.22,0.04
41.23,0.02
41.24,0.005
41.25,0
41.26,0
41.27,-0.005
41.28,0
41.29,-0.005
41.3,0
41.31,0
41.32,0
41.33,-0.01
41.34,-0.015
41.35,-0.025
41.36,-0.03
41.37,-0.035
41.38,-0.04
41.39,-0.05
41.4,-0.05
41.41,-0.055
41.42,-0.06
41.43,-0.07
41.44,-0.065
41.45,-0.075
41.46,-0.065
41.47,-0.07
41.48,-0.065
41.49,-0.08
41.5,-0.07
41.51,-0.08
41.52,-0.075
41.53,-0.085
41.54,-0.075
41.55,-0.085
41.56,-0.08
41.57,-0.085
41.58,-0.075
41.59,-0.095
41.6,-0.08
41.61,-0.095
41.62,-0.08
41.63,-0.095
41.64,-0.085
41.65,-0.105
41.66,-0.085
41.67,-0.07
41.68,-0.01
41.69,0.025
41.7,0.03
41.71,0.11
41.72,0.15
41.73,0.095
41.74,0.02
41.75,-0.035
41.76,-0.03
41.77,-0.165
41.78,-0.18
41.79,-0.19
41.8,-0.165
41.81,-0.2
41.82,-0.19
41.83,0.18
41.84,1.085
41.85,1.64
41.86,0.19
41.87,-0.64
41.88,-0.625
41.89,-0.39
41.9,-0.15
41.91,-0.16
41.92,-0.14
41.93,-0.15
41.94,-0.13
41.95,-0.135
41.96,-0.105
41.97,-0.115
41.98,-0.075
41.99,-0.07
42,-0.03
42.01,-0.015
42.02,0.015
42.03,0.03
42.04,0.06
42.05,0.085
42.06,0.125
42.07,0.15
42.08,0.185
42.09,0.195
42.1,0.21
42.11,0.205
42.12,0.21
42.13,0.205
42.14,0.2
42.15,0.17
42.16,0.145
42.17,0.11
42.18,0.08
42.19,0.05
42.2,0.025
42.21,0.015
42.22,0.01
42.23,0.01
42.24,0.015
42.25,0.01
42.26,0.015
42.27,0.015
42.28,0.015
42.29,0.005
42.3,0
42.31,0
42.32,-0.005
42.33,-0.015
42.34,-0.02
42.35,-0.03
42.36,-0.025
42.37,-0.035
42.38,-0.035
42.39,-0.04
42.4,-0.04
42.41,-0.045
42.42,-0.045
42.43,-0.055
42.44,-0.055
42.45,-0.06
42.46,-0.055
42.47,-0.06
42.48,-0.055
42.49,-0.065
42.5,-0.065
42.51,-0.065
42.52,-0.065
42.53,-0.07
42.54,-0.06
42.55,-0.075
42.56,-0.065
42.57,-0.075
42.58,-0.065
42.59,-0.075
42.6,-0.07
42.61,-0.08
42.62,-0.065
42.63,-0.08
42.64,-0.07
42.65,-0.08
42.66,-0.08
42.67,-0.065
42.68,-0.01
42.69,0.035
42.7,0.04
42.71,0.105
42.72,0.18
42.73,0.12
42.74,0.03
42.75,-0.025
42.76,-0.02
42.77,-0.145
42.78,-0.18
42.79,-0.19
42.8,-0.185
42.81,-0.19
42.82,-0.205
42.83,0.12
42.84,0.9
42.85,1.44
42.86,0.32
42.87,-0.53
42.88,-0.675
42.89,-0.455
42.9,-0.19
42.91,-0.17
42.92,-0.155
42.93,-0.155
42.94,-0.135
42.95,-0.145
42.96,-0.12
42.97,-0.11
42.98,-0.075
42.99,-0.065
43,-0.035
43.01,-0.03
43.02,0.01
43.03,0.025
43.04,0.06
43.05,0.075
43.06,0.11
43.07,0.145
43.08,0.17
43.09,0.185
43.1,0.195
43.11,0.2
43.12,0.215
43.13,0.2
43.14,0.205
43.15,0.19
43.16,0.16
43.17,0.11
43.18,0.08
43.19,0.055
43.2,0.03
43.21,0.015
43.22,0.01
43.23,-0.01
43.24,0.01
43.25,0.01
43.26,0
43.27,-0.005
43.28,0
43.29,0
43.3,0
43.31,-0.02
43.32,-0.03
43.33,-0.03
43.34,-0.035
43.35,-0.05
43.36,-0.04
43.37,-0.045
43.38,-0.06
43.39,-0.06
43.4,-0.05
43.41,-0.055
43.42,-0.05
43.43,-0.065
43.44,-0.055
43.45,-0.06
43.46,-0.06
43.47,-0.055
43.48,-0.07
43.49,-0.075
43.5,-0.065
43.51,-0.075
43.52,-0.075
43.53,-0.085
43.54,-0.07
43.55,-0.07
43.56,-0.07
43.57,-0.1
43.58,-0.055
43.59,-0.09
43.6,-0.075
43.61,-0.065
43.62,-0.025
43.63,0.025
43.64,0.05
43.65,0.12
43.66,0.21
43.67,0.125
43.68,0.045
43.69,-0.03
43.7,-0.025
43.71,-0.16
43.72,-0.17
43.73,-0.195
43.74,-0.16
43.75,-0.2
43.76,-0.17
43.77,0.215
43.78,0.915
43.79,1.395
43.8,0.32
43.81,-0.405
43.82,-0.7
43.83,-0.545
43.84,-0.245
43.85,-0.16
43.86,-0.125
43.87,-0.15
43.88,-0.11
43.89,-0.14
43.9,-0.095
43.91,-0.085
43.92,-0.055
43.93,-0.06
43.94,-0.015
43.95,-0.01
43.96,0.03
43.97,0.04
43.98,0.045
43.99,0.095
44,0.13
44.01,0.125
44.02,0.185
44.03,0.19
44.04,0.205
44.05,0.2
44.06,0.21
44.07,0.22
44.08,0.215
44.09,0.19
44.1,0.15
44.11,0.12
44.12,0.08
44.13,0.055
44.14,0.04
44.15,0.02
44.16,0
44.17,-0.01
44.18,0
44.19,0.005
44.2,-0.01
44.21,-0.01
44.22,-0.005
44.23,-0.005
44.24,-0.02
44.25,-0.025
44.26,-0.01
44.27,-0.045
44.28,-0.04
44.29,-0.04
44.3,-0.055
44.31,-0.07
44.32,-0.065
44.33,-0.075
44.34,-0.075
44.35,-0.07
44.36,-0.07
44.37,-0.075
44.38,-0.085
44.39,-0.075
44.4,-0.065
44.41,-0.085
44.42,-0.1
44.43,-0.08
44.44,-0.09
44.45,-0.085
44.46,-0.095
44.47,-0.1
44.48,-0.035
44.49,0.01
44.5,0.03
44.51,0.075
44.52,0.215
44.53,0.14
44.54,0.06
44.55,0
44.56,-0.035
44.57,-0.11
44.58,-0.18
44.59,-0.215
44.6,-0.18
44.61,-0.19
44.62,-0.24
44.63,0.04
44.64,0.715
44.65,1.285
44.66,0.81
44.67,-0.2
44.68,-0.755
44.69,-0.675
44.7,-0.36
44.71,-0.18
44.72,-0.16
44.73,-0.16
44.74,-0.145
44.75,-0.135
44.76,-0.115
44.77,-0.12
44.78,-0.1
44.79,-0.07
44.8,-0.055
44.81,-0.05
44.82,0
44.83,0.02
44.84,0.05
44.85,0.09
44.86,0.105
44.87,0.155
44.88,0.155
44.89,0.195
44.9,0.225
44.91,0.22
44.92,0.24
44.93,0.215
44.94,0.225
44.95,0.175
44.96,0.145
44.97,0.105
44.98,0.065
44.99,0.03
45,-0.015
45.01,-0.01
45.02,-0.015
45.03,-0.035
45.04,-0.005
45.05,-0.01
45.06,-0.025
45.07,-0.045
45.08,-0.02
45.09,-0.035
45.1,-0.05
45.11,-0.04
45.12,-0.055
45.13,-0.06
45.14,-0.075
45.15,-0.07
45.16,-0.085
45.17,-0.08
45.18,-0.09
45.19,-0.095
45.2,-0.09
45.21,-0.1
45.22,-0.085
45.23,-0.095
45.24,-0.09
45.25,-0.105
45.26,-0.105
45.27,-0.11
45.28,-0.12
45.29,-0.095
45.3,-0.055
45.31,0.005
45.32,0.02
45.33,0.055
45.34,0.17
45.35,0.145
45.36,0.045
45.37,-0.025
45.38,-0.04
45.39,-0.125
45.4,-0.195
45.41,-0.2
45.42,-0.21
45.43,-0.2
45.44,-0.25
45.45,0.025
45.46,0.72
45.47,1.365
45.48,0.965
45.49,-0.24
45.5,-0.765
45.51,-0.625
45.52,-0.34
45.53,-0.165
45.54,-0.16
45.55,-0.155
45.56,-0.145
45.57,-0.125
45.58,-0.13
45.59,-0.12
45.6,-0.085
45.61,-0.075
45.62,-0.055
45.63,-0.02
45.64,0
45.65,0.025
45.66,0.055
45.67,0.085
45.68,0.135
45.69,0.165
45.7,0.2
45.71,0.21
45.72,0.245
45.73,0.25
45.74,0.25
45.75,0.265
45.76,0.24
45.77,0.185
45.78,0.145
45.79,0.09
45.8,0.035
45.81,0.005
45.82,-0.01
45.83,-0.02
45.84,-0.025
45.85,-0.04
45.86,-0.045
45.87,-0.04
45.88,-0.035
45.89,-0.03
45.9,-0.025
45.91,-0.045
45.92,-0.045
45.93,-0.055
45.94,-0.055
45.95,-0.07
45.96,-0.07
45.97,-0.08
45.98,-0.07
45.99,-0.09
46,-0.1
46.01,-0.1
46.02,-0.095
46.03,-0.11
46.04,-0.1
46.05,-0.105
46.06,-0.095
46.07,-0.11
46.08,-0.115
46.09,-0.12
46.1,-0.105
46.11,-0.12
46.12,-0.09
46.13,-0.06
46.14,0
46.15,0.01
46.16,0.04
46.17,0.16
46.18,0.11
46.19,0.02
46.2,-0.005
46.21,-0.05
46.22,-0.1
46.23,-0.205
46.24,-0.205
46.25,-0.215
46.26,-0.195
46.27,-0.245
46.28,-0.09
46.29,0.47
46.3,1.33
46.31,1.515
46.32,-0.125
46.33,-0.81
46.34,-0.575
46.35,-0.325
46.36,-0.15
46.37,-0.17
46.38,-0.145
46.39,-0.15
46.4,-0.13
46.41,-0.135
46.42,-0.115
46.43,-0.105
46.44,-0.075
46.45,-0.055
46.46,-0.025
46.47,-0.015
46.48,0.02
46.49,0.04
46.5,0.075
46.51,0.105
46.52,0.155
46.53,0.18
46.54,0.215
46.55,0.235
46.56,0.25
46.57,0.25
46.58,0.255
46.59,0.22
46.6,0.205
46.61,0.16
46.62,0.11
46.63,0.075
46.64,0.02
46.65,-0.01
46.66,-0.02
46.67,-0.025
46.68,-0.025
46.69,-0.03
46.7,-0.03
46.71,-0.02
46.72,-0.025
46.73,-0.015
46.74,-0.005
46.75,-0.02
46.76,-0.03
46.77,-0.035
46.78,-0.02
46.79,-0.035
46.8,-0.04
46.81,-0.07
46.82,-0.065
46.83,-0.05
46.84,-0.06
46.85,-0.06
46.86,-0.06
46.87,-0.045
46.88,-0.075
46.89,-0.07
46.9,-0.07
46.91,-0.08
46.92,-0.085
46.93,-0.06
46.94,-0.09
46.95,-0.085
46.96,-0.09
46.97,-0.07
46.98,-0.1
46.99,-0.085
47,-0.075
47.01,-0.015
47.02,0.04
47.03,0.02
47.04,0.105
47.05,0.185
47.06,0.115
47.07,0.015
47.08,-0.04
47.09,-0.035
47.1,-0.16
47.11,-0.185
47.12,-0.19
47.13,-0.185
47.14,-0.195
47.15,-0.22
47.16,0.13
47.17,0.94
47.18,1.525
47.19,0.475
47.2,-0.465
47.21,-0.73
47.22,-0.53
47.23,-0.24
47.24,-0.16
47.25,-0.165
47.26,-0.14
47.27,-0.14
47.28,-0.14
47.29,-0.1
47.3,-0.11
47.31,-0.08
47.32,-0.065
47.33,-0.02
47.34,-0.02
47.35,0.005
47.36,0.03
47.37,0.06
47.38,0.08
47.39,0.125
47.4,0.16
47.41,0.205
47.42,0.22
47.43,0.225
47.44,0.23
47.45,0.26
47.46,0.25
47.47,0.245
47.48,0.2
47.49,0.165
47.5,0.115
47.51,0.085
47.52,0.045
47.53,0.01
47.54,0.015
47.55,-0.005
47.56,0
47.57,-0.015
47.58,-0.015
47.59,0.01
47.6,-0.015
47.61,-0.005
47.62,0
47.63,-0.025
47.64,-0.01
47.65,-0.04
47.66,-0.035
47.67,-0.045
47.68,-0.05
47.69,-0.05
47.7,-0.055
47.71,-0.075
47.72,-0.06
47.73,-0.07
47.74,-0.07
47.75,-0.08
47.76,-0.095
47.77,-0.08
47.78,-0.07
47.79,-0.085
47.8,-0.11
47.81,-0.085
47.82,-0.095
47.83,-0.1
47.84,-0.09
47.85,-0.095
47.86,-0.115
47.87,-0.1
47.88,-0.085
47.89,-0.05
47.9,0.02
47.91,0.03
47.92,0.065
47.93,0.19
47.94,0.13
47.95,0.055
47.96,-0.01
47.97,-0.02
47.98,-0.13
47.99,-0.185
48,-0.2
48.01,-0.19
48.02,-0.18
48.03,-0.23
48.04,0.055
48.05,0.75
48.06,1.375
48.07,0.88
48.08,-0.245
48.09,-0.765
48.1,-0.61
48.11,-0.335
48.12,-0.18
48.13,-0.155
48.14,-0.15
48.15,-0.145
48.16,-0.13
48.17,-0.11
48.18,-0.105
48.19,-0.085
48.2,-0.07
48.21,-0.05
48.22,-0.03
48.23,0
48.24,0.02
48.25,0.05
48.26,0.075
48.27,0.125
48.28,0.15
48.29,0.175
48.3,0.205
48.31,0.215
48.32,0.23
48.33,0.25
48.34,0.225
48.35,0.215
48.36,0.21
48.37,0.145
48.38,0.105
48.39,0.05
48.4,0.03
48.41,0.02
48.42,0
48.43,-0.01
48.44,0
48.45,-0.005
48.46,-0.02
48.47,-0.01
48.48,-0.005
48.49,-0.005
48.5,-0.02
48.51,-0.01
48.52,0
48.53,-0.02
48.54,-0.025
48.55,-0.04
48.56,-0.05
48.57,-0.045
48.58,-0.045
48.59,-0.055
48.6,-0.06
48.61,-0.065
48.62,-0.07
48.63,-0.065
48.64,-0.08
48.65,-0.065
48.66,-0.085
48.67,-0.08
48.68,-0.09
48.69,-0.075
48.7,-0.105
48.71,-0.09
48.72,-0.095
48.73,-0.095
48.74,-0.105
48.75,-0.085
48.76,-0.075
48.77,-0.005
48.78,0.03
48.79,0.025
48.8,0.12
48.81,0.155
48.82,0.1
48.83,0.025
48.84,-0.04
48.85,-0.05
48.86,-0.16
48.87,-0.185
48.88,-0.2
48.89,-0.17
48.9,-0.215
48.91,-0.23
48.92,0.16
48.93,1.05
48.94,1.665
48.95,0.345
48.96,-0.56
48.97,-0.68
48.98,-0.455
48.99,-0.19
49,-0.175
49.01,-0.14
49.02,-0.15
49.03,-0.12
49.04,-0.135
49.05,-0.105
49.06,-0.105
49.07,-0.07
49.08,-0.055
49.09,-0.02
49.1,-0.02
49.11,0.005
49.12,0.03
49.13,0.07
49.14,0.1
49.15,0.145
49.16,0.18
49.17,0.215
49.18,0.24
49.19,0.26
49.2,0.255
49.21,0.27
49.22,0.255
49.23,0.235
49.24,0.2
49.25,0.155
49.26,0.105
49.27,0.065
49.28,0.03
49.29,0.01
49.3,-0.005
49.31,-0.015
49.32,-0.02
49.33,-0.005
49.34,-0.01
49.35,0
49.36,0
49.37,-0.005
49.38,-0.005
49.39,0
49.4,-0.015
49.41,-0.025
49.42,-0.015
49.43,-0.025
49.44,-0.04
49.45,-0.04
49.46,-0.055
49.47,-0.06
49.48,-0.06
49.49,-0.065
49.5,-0.065
49.51,-0.075
49.52,-0.075
49.53,-0.08
49.54,-0.07
49.55,-0.065
49.56,-0.065
49.57,-0.06
49.58,-0.08
49.59,-0.08
49.6,-0.09
49.61,-0.08
49.62,-0.08
49.63,-0.07
49.64,-0.09
49.65,-0.08
49.66,-0.105
49.67,-0.085
49.68,-0.065
49.69,-0.015
49.7,0.035
49.71,0.05
49.72,0.115
49.73,0.185
49.74,0.105
49.75,0.03
49.76,-0.035
49.77,-0.025
49.78,-0.14
49.79,-0.19
49.8,-0.2
49.81,-0.165
49.82,-0.19
49.83,-0.22
49.84,0.14
49.85,0.99
49.86,1.6
49.87,0.44
49.88,-0.5
49.89,-0.68
49.9,-0.45
49.91,-0.19
49.92,-0.165
49.93,-0.145
49.94,-0.15
49.95,-0.12
49.96,-0.145
49.97,-0.1
49.98,-0.095
49.99,-0.09
50,-0.07
50.01,-0.04
50.02,-0.025
50.03,0.02
50.04,0.01
50.05,0.055
50.06,0.08
50.07,0.135
50.08,0.165
50.09,0.195
50.1,0.215
50.11,0.24
50.12,0.26
50.13,0.26
50.14,0.255
50.15,0.235
50.16,0.205
50.17,0.165
50.18,0.105
50.19,0.07
50.2,0.035
50.21,0.005
50.22,-0.015
50.23,-0.02
50.24,0
50.25,-0.02
50.26,-0.015
50.27,-0.02
50.28,-0.01
50.29,0
50.3,-0.035
50.31,-0.02
50.32,-0.01
50.33,-0.02
50.34,-0.04
50.35,-0.035
50.36,-0.04
50.37,-0.075
50.38,-0.055
50.39,-0.055
50.4,-0.075
50.41,-0.055
50.42,-0.07
50.43,-0.08
50.44,-0.08
50.45,-0.09
50.46,-0.095
50.47,-0.075
50.48,-0.085
50.49,-0.095
50.5,-0.085
50.51,-0.085
50.52,-0.085
50.53,-0.09
50.54,-0.085
50.55,-0.085
50.56,-0.09
50.57,-0.095
50.58,-0.07
50.59,-0.04
50.6,0.01
50.61,0.01
50.62,0.065
50.63,0.19
50.64,0.135
50.65,0.07
50.66,-0.01
50.67,-0.03
50.68,-0.12
50.69,-0.18
50.7,-0.2
50.71,-0.19
50.72,-0.185
50.73,-0.235
50.74,0.03
50.75,0.68
50.76,1.325
50.77,0.94
50.78,-0.215
50.79,-0.755
50.8,-0.61
50.81,-0.33
50.82,-0.165
50.83,-0.155
50.84,-0.16
50.85,-0.14
50.86,-0.125
50.87,-0.105
50.88,-0.105
50.89,-0.09
50.9,-0.07
50.91,-0.06
50.92,-0.03
50.93,0.005
50.94,0.035
50.95,0.06
50.96,0.075
50.97,0.12
50.98,0.15
50.99,0.195
51,0.21
51.01,0.23
51.02,0.245
51.03,0.25
51.04,0.245
51.05,0.245
51.06,0.2
51.07,0.15
51.08,0.11
51.09,0.07
51.1,0.03
51.11,0.005
51.12,-0.015
51.13,-0.025
51.14,-0.025
51.15,-0.01
51.16,-0.025
51.17,-0.025
51.18,-0.02
51.19,-0.02
51.2,-0.015
51.21,-0.025
51.22,-0.025
51.23,-0.05
51.24,-0.04
51.25,-0.05
51.26,-0.065
51.27,-0.055
51.28,-0.075
51.29,-0.07
51.3,-0.075
51.31,-0.085
51.32,-0.085
51.33,-0.085
51.34,-0.085
51.35,-0.08
51.36,-0.105
51.37,-0.085
51.38,-0.11
51.39,-0.09
51.4,-0.11
51.41,-0.105
51.42,-0.1
51.43,-0.09
51.44,-0.1
51.45,-0.09
51.46,-0.105
51.47,-0.09
51.48,-0.06
51.49,0.005
51.5,0.02
51.51,0.05
51.52,0.17
51.53,0.145
51.54,0.06
51.55,0.01
51.56,-0.045
51.57,-0.095
51.58,-0.2
51.59,-0.18
51.6,-0.215
51.61,-0.18
51.62,-0.235
51.63,-0.075
51.64,0.48
51.65,1.26
51.66,1.435
51.67,-0.05
51.68,-0.775
51.69,-0.65
51.7,-0.38
51.71,-0.165
51.72,-0.175
51.73,-0.135
51.74,-0.155
51.75,-0.135
51.76,-0.135
51.77,-0.115
51.78,-0.105
51.79,-0.075
51.8,-0.055
51.81,-0.03
51.82,-0.01
51.83,0.015
51.84,0.045
51.85,0.075
51.86,0.1
51.87,0.155
51.88,0.185
51.89,0.225
51.9,0.25
51.91,0.255
51.92,0.255
51.93,0.27
51.94,0.24
51.95,0.215
51.96,0.17
51.97,0.12
51.98,0.075
51.99,0.045
52,0.01
52.01,-0.005
52.02,-0.01
52.03,-0.01
52.04,-0.025
52.05,-0.02
52.06,-0.02
52.07,-0.015
52.08,-0.005
52.09,-0.015
52.1,-0.01
52.11,-0.025
52.12,-0.015
52.13,-0.015
52.14,-0.04
52.15,-0.055
52.16,-0.06
52.17,-0.055
52.18,-0.06
52.19,-0.075
52.2,-0.08
52.21,-0.08
52.22,-0.065
52.23,-0.065
52.24,-0.08
52.25,-0.075
52.26,-0.09
52.27,-0.085
52.28,-0.075
52.29,-0.07
52.3,-0.085
52.31,-0.075
52.32,-0.095
52.33,-0.095
52.34,-0.085
52.35,-0.085
52.36,-0.105
52.37,-0.09
52.38,-0.105
52.39,-0.095
52.4,-0.095
52.41,-0.02
52.42,0.025
52.43,0.01
52.44,0.065
52.45,0.16
52.46,0.11
52.47,0.025
52.48,-0.025
52.49,-0.03
52.5,-0.155
52.51,-0.19
52.52,-0.195
52.53,-0.2
52.54,-0.195
52.55,-0.25
52.56,0.07
52.57,0.88
52.58,1.5
52.59,0.7
52.6,-0.38
52.61,-0.75
52.62,-0.53
52.63,-0.27
52.64,-0.165
52.65,-0.155
52.66,-0.15
52.67,-0.135
52.68,-0.115
52.69,-0.11
52.7,-0.1
52.71,-0.085
52.72,-0.08
52.73,-0.05
52.74,-0.025
52.75,0.015
52.76,0.015
52.77,0.045
52.78,0.08
52.79,0.135
52.8,0.16
52.81,0.2
52.82,0.205
52.83,0.24
52.84,0.255
52.85,0.26
52.86,0.24
52.87,0.23
52.88,0.195
52.89,0.165
52.9,0.12
52.91,0.07
52.92,0.03
52.93,0.015
52.94,0
52.95,-0.01
52.96,-0.005
52.97,-0.025
52.98,-0.01
52.99,-0.005
53,0.01
53.01,-0.01
53.02,-0.015
53.03,0.005
53.04,-0.01
53.05,-0.025
53.06,-0.04
53.07,-0.03
53.08,-0.045
53.09,-0.055
53.1,-0.055
53.11,-0.06
53.12,-0.065
53.13,-0.05
53.14,-0.075
53.15,-0.08
53.16,-0.095
53.17,-0.08
53.18,-0.085
53.19,-0.075
53.2,-0.095
53.21,-0.08
53.22,-0.095
53.23,-0.105
53.24,-0.105
53.25,-0.095
53.26,-0.11
53.27,-0.09
53.28,-0.125
53.29,-0.085
53.3,-0.085
53.31,-0.025
53.32,0.025
53.33,0.03
53.34,0.115
53.35,0.165
53.36,0.085
53.37,0.02
53.38,-0.035
53.39,-0.055
53.4,-0.185
53.41,-0.17
53.42,-0.22
53.43,-0.19
53.44,-0.22
53.45,-0.15
53.46,0.28
53.47,1.135
53.48,1.645
53.49,0.15
53.5,-0.67
53.51,-0.73
53.52,-0.475
53.53,-0.205
53.54,-0.18
53.55,-0.15
53.56,-0.165
53.57,-0.13
53.58,-0.115
53.59,-0.09
53.6,-0.1
53.61,-0.06
53.62,-0.06
53.63,-0.015
53.64,-0.015
53.65,0.035
53.66,0.05
53.67,0.09
53.68,0.115
53.69,0.155
53.7,0.205
53.71,0.235
53.72,0.245
53.73,0.275
53.74,0.275
53.75,0.275
53.76,0.26
53.77,0.255
53.78,0.2
53.79,0.17
53.8,0.11
53.81,0.075
53.82,0.03
53.83,0.02
53.84,0
53.85,-0.005
53.86,0
53.87,-0.01
53.88,0
53.89,0
53.9,-0.005
53.91,0
53.92,-0.005
53.93,0
53.94,-0.02
53.95,-0.04
53.96,-0.025
53.97,-0.03
53.98,-0.055
53.99,-0.05
54,-0.05
54.01,-0.055
54.02,-0.06
54.03,-0.055
54.04,-0.085
54.05,-0.075
54.06,-0.08
54.07,-0.065
54.08,-0.09
54.09,-0.095
54.1,-0.095
54.11,-0.085
54.12,-0.1
54.13,-0.085
54.14,-0.1
54.15,-0.085
54.16,-0.115
54.17,-0.1
54.18,-0.115
54.19,-0.1
54.2,-0.085
54.21,-0.005
54.22,0.02
54.23,0.025
54.24,0.13
54.25,0.15
54.26,0.08
54.27,0.025
54.28,-0.04
54.29,-0.065
54.3,-0.19
54.31,-0.19
54.32,-0.215
54.33,-0.185
54.34,-0.235
54.35,-0.17
54.36,0.275
54.37,1.185
54.38,1.745
54.39,0.165
54.4,-0.7
54.41,-0.675
54.42,-0.445
54.43,-0.18
54.44,-0.17
54.45,-0.165
54.46,-0.17
54.47,-0.135
54.48,-0.14
54.49,-0.105
54.5,-0.095
54.51,-0.08
54.52,-0.08
54.53,-0.035
54.54,-0.025
54.55,0.025
54.56,0.025
54.57,0.065
54.58,0.115
54.59,0.155
54.6,0.17
54.61,0.235
54.62,0.245
54.63,0.27
54.64,0.27
54.65,0.28
54.66,0.275
54.67,0.245
54.68,0.2
54.69,0.16
54.7,0.105
54.71,0.065
54.72,0.045
54.73,0
54.74,-0.005
54.75,-0.015
54.76,-0.015
54.77,0
54.78,-0.015
54.79,-0.015
54.8,-0.015
54.81,-0.02
54.82,-0.015
54.83,-0.01
54.84,-0.015
54.85,-0.03
54.86,-0.025
54.87,-0.03
54.88,-0.045
54.89,-0.055
54.9,-0.055
54.91,-0.065
54.92,-0.07
54.93,-0.07
54.94,-0.075
54.95,-0.075
54.96,-0.065
54.97,-0.085
54.98,-0.07
54.99,-0.085
55,-0.08
55.01,-0.105
55.02,-0.1
55.03,-0.095
55.04,-0.075
55.05,-0.1
55.06,-0.095
55.07,-0.095
55.08,-0.085
55.09,-0.105
55.1,-0.095
55.11,-0.065
55.12,-0.015
55.13,0.02
55.14,0.025
55.15,0.135
55.16,0.145
55.17,0.085
55.18,0.025
55.19,-0.04
55.2,-0.06
55.21,-0.19
55.22,-0.19
55.23,-0.21
55.24,-0.165
55.25,-0.215
55.26,-0.165
55.27,0.265
55.28,1.17
55.29,1.73
55.3,0.155
55.31,-0.695
55.32,-0.67
55.33,-0.425
55.34,-0.175
55.35,-0.175
55.36,-0.155
55.37,-0.14
55.38,-0.125
55.39,-0.135
55.4,-0.1
55.41,-0.105
55.42,-0.075
55.43,-0.06
55.44,-0.015
55.45,-0.015
55.46,0.015
55.47,0.055
55.48,0.07
55.49,0.1
55.5,0.17
55.51,0.205
55.52,0.235
55.53,0.245
55.54,0.28
55.55,0.28
55.56,0.295
55.57,0.27
55.58,0.255
55.59,0.21
55.6,0.14
55.61,0.09
55.62,0.065
55.63,0.03
55.64,0
55.65,-0.01
55.66,-0.01
55.67,0
55.68,-0.015
55.69,-0.005
55.7,-0.025
55.71,-0.02
55.72,0
55.73,-0.01
55.74,0
55.75,-0.025
55.76,-0.05
55.77,-0.035
55.78,-0.035
55.79,-0.045
55.8,-0.055
55.81,-0.06
55.82,-0.07
55.83,-0.06
55.84,-0.075
55.85,-0.065
55.86,-0.075
55.87,-0.08
55.88,-0.075
55.89,-0.07
55.9,-0.08
55.91,-0.08
55.92,-0.085
55.93,-0.085
55.94,-0.1
55.95,-0.075
55.96,-0.09
55.97,-0.08
55.98,-0.11
55.99,-0.08
56,-0.085
56.01,-0.1
56.02,-0.085
56.03,-0.02
56.04,0.035
56.05,0.06
56.06,0.095
56.07,0.18
56.08,0.11
56.09,0.05
56.1,-0.01
56.11,-0.05
56.12,-0.17
56.13,-0.16
56.14,-0.19
56.15,-0.18
56.16,-0.2
56.17,-0.225
56.18,0.17
56.19,1.015
56.2,1.61
56.21,0.395
56.22,-0.505
56.23,-0.735
56.24,-0.52
56.25,-0.245
56.26,-0.18
56.27,-0.155
56.28,-0.17
56.29,-0.125
56.3,-0.145
56.31,-0.105
56.32,-0.105
56.33,-0.08
56.34,-0.075
56.35,-0.045
56.36,-0.035
56.37,0
56.38,0.02
56.39,0.06
56.4,0.07
56.41,0.13
56.42,0.16
56.43,0.205
56.44,0.24
56.45,0.255
56.46,0.235
56.47,0.25
56.48,0.255
56.49,0.245
56.5,0.215
56.51,0.155
56.52,0.115
56.53,0.06
56.54,0.035
56.55,0.01
56.56,-0.02
56.57,0
56.58,-0.025
56.59,-0.01
56.6,-0.005
56.61,-0.015
56.62,0
56.63,-0.005
56.64,0
56.65,-0.02
56.66,-0.03
56.67,-0.03
56.68,-0.035
56.69,-0.045
56.7,-0.06
56.71,-0.06
56.72,-0.06
56.73,-0.06
56.74,-0.08
56.75,-0.07
56.76,-0.08
56.77,-0.085
56.78,-0.065
56.79,-0.1
56.8,-0.115
56.81,-0.09
56.82,-0.095
56.83,-0.095
56.84,-0.09
56.85,-0.105
56.86,-0.09
56.87,-0.095
56.88,-0.1
56.89,-0.11
56.9,-0.09
56.91,-0.03
56.92,0
56.93,0.035
56.94,0.05
56.95,0.185
56.96,0.15
56.97,0.045
56.98,-0.02
56.99,-0.025
57,-0.115
57.01,-0.195
57.02,-0.19
57.03,-0.195
57.04,-0.19
57.05,-0.255
57.06,0.045
57.07,0.795
57.08,1.46
57.09,0.92
57.1,-0.26
57.11,-0.775
57.12,-0.605
57.13,-0.31
57.14,-0.17
57.15,-0.16
57.16,-0.155
57.17,-0.14
57.18,-0.135
57.19,-0.11
57.2,-0.12
57.21,-0.08
57.22,-0.075
57.23,-0.045
57.24,-0.025
57.25,0
57.26,0.025
57.27,0.06
57.28,0.09
57.29,0.125
57.3,0.165
57.31,0.21
57.32,0.23
57.33,0.245
57.34,0.275
57.35,0.27
57.36,0.255
57.37,0.235
57.38,0.21
57.39,0.145
57.4,0.11
57.41,0.065
57.42,0.02
57.43,0
57.44,-0.005
57.45,-0.03
57.46,-0.045
57.47,-0.035
57.48,-0.025
57.49,-0.015
57.5,-0.03
57.51,-0.02
57.52,-0.025
57.53,-0.025
57.54,-0.03
57.55,-0.04
57.56,-0.045
57.57,-0.05
57.58,-0.055
57.59,-0.06
57.6,-0.06
57.61,-0.06
57.62,-0.09
57.63,-0.095
57.64,-0.075
57.65,-0.09
57.66,-0.09
57.67,-0.09
57.68,-0.09
57.69,-0.085
57.7,-0.095
57.71,-0.11
57.72,-0.095
57.73,-0.115
57.74,-0.105
57.75,-0.105
57.76,-0.1
57.77,-0.095
57.78,-0.095
57.79,-0.04
57.8,0.01
57.81,0.01
57.82,0.065
57.83,0.17
57.84,0.11
57.85,0.02
57.86,-0.03
57.87,-0.05
57.88,-0.15
57.89,-0.215
57.9,-0.21
57.91,-0.21
57.92,-0.205
57.93,-0.26
57.94,0.015
57.95,0.75
57.96,1.475
57.97,1.04
57.98,-0.26
57.99,-0.77
58,-0.535
58.01,-0.26
58.02,-0.175
58.03,-0.175
58.04,-0.15
58.05,-0.145
58.06,-0.14
58.07,-0.135
58.08,-0.11
58.09,-0.09
58.1,-0.065
58.11,-0.045
58.12,-0.03
58.13,0
58.14,0.015
58.15,0.05
58.16,0.09
58.17,0.12
58.18,0.165
58.19,0.2
58.2,0.22
58.21,0.25
58.22,0.27
58.23,0.265
58.24,0.27
58.25,0.255
58.26,0.225
58.27,0.18
58.28,0.13
58.29,0.075
58.3,0.045
58.31,0.02
58.32,0
58.33,0
58.34,-0.005
58.35,-0.02
58.36,0
58.37,0
58.38,0
58.39,-0.005
58.4,0
58.41,-0.015
58.42,-0.01
58.43,-0.01
58.44,-0.03
58.45,-0.035
58.46,-0.045
58.47,-0.045
58.48,-0.045
58.49,-0.055
58.5,-0.065
58.51,-0.07
58.52,-0.085
58.53,-0.075
58.54,-0.08
58.55,-0.08
58.56,-0.085
58.57,-0.095
58.58,-0.08
58.59,-0.085
58.6,-0.09
58.61,-0.11
58.62,-0.07
58.63,-0.09
58.64,-0.095
58.65,-0.1
58.66,-0.095
58.67,-0.105
58.68,-0.07
58.69,-0.09
58.7,-0.085
58.71,-0.065
58.72,-0.03
58.73,0.05
58.74,0.025
58.75,0.105
58.76,0.175
58.77,0.11
58.78,0.025
58.79,-0.04
58.8,-0.035
58.81,-0.16
58.82,-0.175
58.83,-0.185
58.84,-0.17
58.85,-0.195
58.86,-0.23
58.87,0.13
58.88,0.995
58.89,1.62
58.9,0.47
58.91,-0.485
58.92,-0.715
58.93,-0.495
58.94,-0.21
58.95,-0.175
58.96,-0.15
58.97,-0.145
58.98,-0.125
58.99,-0.125
59,-0.115
59.01,-0.11
59.02,-0.08
59.03,-0.07
59.04,-0.025
59.05,-0.03
59.06,0.015
59.07,0.015
59.08,0.065
59.09,0.09
59.1,0.13
59.11,0.175
59.12,0.205
59.13,0.225
59.14,0.25
59.15,0.26
59.16,0.27
59.17,0.275
59.18,0.25
59.19,0.215
59.2,0.16
59.21,0.105
59.22,0.08
59.23,0.035
59.24,0.005
59.25,0
59.26,-0.01
59.27,-0.005
59.28,-0.01
59.29,-0.01
59.3,-0.015
59.31,-0.005
59.32,0.005
59.33,-0.005
59.34,-0.005
59.35,0
59.36,-0.015
59.37,-0.03
59.38,-0.025
59.39,-0.04
59.4,-0.025
59.41,-0.06
59.42,-0.05
59.43,-0.06
59.44,-0.05
59.45,-0.065
59.46,-0.07
59.47,-0.08
59.48,-0.075
59.49,-0.095
59.5,-0.075
59.51,-0.08
59.52,-0.075
59.53,-0.1
59.54,-0.075
59.55,-0.085
59.56,-0.085
59.57,-0.115
59.58,-0.08
59.59,-0.09
59.6,-0.11
59.61,-0.05
59.62,0
59.63,0.01
59.64,0.04
59.65,0.135
59.66,0.14
59.67,0.075
59.68,-0.005
59.69,-0.03
59.7,-0.075
59.71,-0.175
59.72,-0.185
59.73,-0.215
59.74,-0.18
59.75,-0.235
59.76,-0.135
59.77,0.325
59.78,1.18
59.79,1.595
59.8,0.05
59.81,-0.73
59.82,-0.705
59.83,-0.45
59.84,-0.185
59.85,-0.21
59.86,-0.155
59.87,-0.145
59.88,-0.125
59.89,-0.155
59.9,-0.105
59.91,-0.105
59.92,-0.08
59.93,-0.07
59.94,-0.01
59.95,-0.03
59.96,0.015
59.97,0.04
59.98,0.07
59.99,0.09
